--
-- PostgreSQL database dump
--

-- Dumped from database version 16.14 (Debian 16.14-1.pgdg11+1)
-- Dumped by pg_dump version 16.4 (Debian 16.4-1.pgdg110+2)

SET statement_timeout = 0;
SET lock_timeout = 0;
SET idle_in_transaction_session_timeout = 0;
SET client_encoding = 'UTF8';
SET standard_conforming_strings = on;
SELECT pg_catalog.set_config('search_path', '', false);
SET check_function_bodies = false;
SET xmloption = content;
SET client_min_messages = warning;
SET row_security = off;

--
-- Name: tiger; Type: SCHEMA; Schema: -; Owner: -
--

CREATE SCHEMA IF NOT EXISTS tiger;


--
-- Name: tiger_data; Type: SCHEMA; Schema: -; Owner: -
--

CREATE SCHEMA IF NOT EXISTS tiger_data;


--
-- Name: topology; Type: SCHEMA; Schema: -; Owner: -
--

CREATE SCHEMA IF NOT EXISTS topology;


--
-- Name: SCHEMA topology; Type: COMMENT; Schema: -; Owner: -
--

COMMENT ON SCHEMA topology IS 'PostGIS Topology schema';


--
-- Name: fuzzystrmatch; Type: EXTENSION; Schema: -; Owner: -
--

CREATE EXTENSION IF NOT EXISTS fuzzystrmatch WITH SCHEMA public;


--
-- Name: EXTENSION fuzzystrmatch; Type: COMMENT; Schema: -; Owner: -
--

COMMENT ON EXTENSION fuzzystrmatch IS 'determine similarities and distance between strings';


--
-- Name: pg_trgm; Type: EXTENSION; Schema: -; Owner: -
--

CREATE EXTENSION IF NOT EXISTS pg_trgm WITH SCHEMA public;


--
-- Name: EXTENSION pg_trgm; Type: COMMENT; Schema: -; Owner: -
--

COMMENT ON EXTENSION pg_trgm IS 'text similarity measurement and index searching based on trigrams';


--
-- Name: postgis; Type: EXTENSION; Schema: -; Owner: -
--

CREATE EXTENSION IF NOT EXISTS postgis WITH SCHEMA public;


--
-- Name: EXTENSION postgis; Type: COMMENT; Schema: -; Owner: -
--

COMMENT ON EXTENSION postgis IS 'PostGIS geometry and geography spatial types and functions';


--
-- Name: postgis_tiger_geocoder; Type: EXTENSION; Schema: -; Owner: -
--

CREATE EXTENSION IF NOT EXISTS postgis_tiger_geocoder WITH SCHEMA tiger;


--
-- Name: EXTENSION postgis_tiger_geocoder; Type: COMMENT; Schema: -; Owner: -
--

COMMENT ON EXTENSION postgis_tiger_geocoder IS 'PostGIS tiger geocoder and reverse geocoder';


--
-- Name: postgis_topology; Type: EXTENSION; Schema: -; Owner: -
--

CREATE EXTENSION IF NOT EXISTS postgis_topology WITH SCHEMA topology;


--
-- Name: EXTENSION postgis_topology; Type: COMMENT; Schema: -; Owner: -
--

COMMENT ON EXTENSION postgis_topology IS 'PostGIS topology spatial types and functions';


--
-- Name: vector; Type: EXTENSION; Schema: -; Owner: -
--

CREATE EXTENSION IF NOT EXISTS vector WITH SCHEMA public;


--
-- Name: EXTENSION vector; Type: COMMENT; Schema: -; Owner: -
--

COMMENT ON EXTENSION vector IS 'vector data type and ivfflat and hnsw access methods';


SET default_tablespace = '';

SET default_table_access_method = heap;

--
-- Name: accounts_ageassurance; Type: TABLE; Schema: public; Owner: -
--

CREATE TABLE public.accounts_ageassurance (
    id bigint NOT NULL,
    provider character varying(64) NOT NULL,
    method character varying(64) NOT NULL,
    age_band character varying(16) NOT NULL,
    verified_at timestamp with time zone NOT NULL,
    expires_at timestamp with time zone,
    raw jsonb NOT NULL,
    user_id bigint NOT NULL,
    reverify_notice character varying(8) NOT NULL
);


--
-- Name: accounts_ageassurance_id_seq; Type: SEQUENCE; Schema: public; Owner: -
--

ALTER TABLE public.accounts_ageassurance ALTER COLUMN id ADD GENERATED BY DEFAULT AS IDENTITY (
    SEQUENCE NAME public.accounts_ageassurance_id_seq
    START WITH 1
    INCREMENT BY 1
    NO MINVALUE
    NO MAXVALUE
    CACHE 1
);


--
-- Name: accounts_bannedidentity; Type: TABLE; Schema: public; Owner: -
--

CREATE TABLE public.accounts_bannedidentity (
    id bigint NOT NULL,
    holder_hash character varying(64) NOT NULL,
    created_at timestamp with time zone NOT NULL
);


--
-- Name: accounts_bannedidentity_id_seq; Type: SEQUENCE; Schema: public; Owner: -
--

ALTER TABLE public.accounts_bannedidentity ALTER COLUMN id ADD GENERATED BY DEFAULT AS IDENTITY (
    SEQUENCE NAME public.accounts_bannedidentity_id_seq
    START WITH 1
    INCREMENT BY 1
    NO MINVALUE
    NO MAXVALUE
    CACHE 1
);


--
-- Name: accounts_consumedagenonce; Type: TABLE; Schema: public; Owner: -
--

CREATE TABLE public.accounts_consumedagenonce (
    id bigint NOT NULL,
    nonce character varying(255) NOT NULL,
    created_at timestamp with time zone NOT NULL
);


--
-- Name: accounts_consumedagenonce_id_seq; Type: SEQUENCE; Schema: public; Owner: -
--

ALTER TABLE public.accounts_consumedagenonce ALTER COLUMN id ADD GENERATED BY DEFAULT AS IDENTITY (
    SEQUENCE NAME public.accounts_consumedagenonce_id_seq
    START WITH 1
    INCREMENT BY 1
    NO MINVALUE
    NO MAXVALUE
    CACHE 1
);


--
-- Name: accounts_guardianguardrail; Type: TABLE; Schema: public; Owner: -
--

CREATE TABLE public.accounts_guardianguardrail (
    id bigint NOT NULL,
    supervised_only boolean NOT NULL,
    latest_start_hour smallint,
    max_open_joins smallint,
    created_at timestamp with time zone NOT NULL,
    updated_at timestamp with time zone NOT NULL,
    relationship_id bigint NOT NULL,
    allowed_weekdays character varying(7) NOT NULL,
    earliest_start_hour smallint,
    allowed_categories character varying(80)[] NOT NULL,
    CONSTRAINT accounts_guardianguardrail_earliest_start_hour_check CHECK ((earliest_start_hour >= 0)),
    CONSTRAINT accounts_guardianguardrail_latest_start_hour_check CHECK ((latest_start_hour >= 0)),
    CONSTRAINT accounts_guardianguardrail_max_open_joins_check CHECK ((max_open_joins >= 0)),
    CONSTRAINT guardrail_latest_start_hour_range CHECK (((latest_start_hour IS NULL) OR ((latest_start_hour >= 0) AND (latest_start_hour <= 23)))),
    CONSTRAINT guardrail_max_open_joins_range CHECK (((max_open_joins IS NULL) OR ((max_open_joins >= 1) AND (max_open_joins <= 50))))
);


--
-- Name: accounts_guardianguardrail_id_seq; Type: SEQUENCE; Schema: public; Owner: -
--

ALTER TABLE public.accounts_guardianguardrail ALTER COLUMN id ADD GENERATED BY DEFAULT AS IDENTITY (
    SEQUENCE NAME public.accounts_guardianguardrail_id_seq
    START WITH 1
    INCREMENT BY 1
    NO MINVALUE
    NO MAXVALUE
    CACHE 1
);


--
-- Name: accounts_guardianlinkinvite; Type: TABLE; Schema: public; Owner: -
--

CREATE TABLE public.accounts_guardianlinkinvite (
    id bigint NOT NULL,
    relationship character varying(32) NOT NULL,
    token character varying(64) NOT NULL,
    status character varying(16) NOT NULL,
    created_at timestamp with time zone NOT NULL,
    expires_at timestamp with time zone NOT NULL,
    responded_at timestamp with time zone,
    guardian_id bigint NOT NULL,
    ward_id bigint NOT NULL,
    CONSTRAINT guardian_invite_not_self CHECK ((NOT (guardian_id = ward_id)))
);


--
-- Name: accounts_guardianlinkinvite_id_seq; Type: SEQUENCE; Schema: public; Owner: -
--

ALTER TABLE public.accounts_guardianlinkinvite ALTER COLUMN id ADD GENERATED BY DEFAULT AS IDENTITY (
    SEQUENCE NAME public.accounts_guardianlinkinvite_id_seq
    START WITH 1
    INCREMENT BY 1
    NO MINVALUE
    NO MAXVALUE
    CACHE 1
);


--
-- Name: accounts_guardianrelationship; Type: TABLE; Schema: public; Owner: -
--

CREATE TABLE public.accounts_guardianrelationship (
    id bigint NOT NULL,
    relationship character varying(32) NOT NULL,
    status character varying(16) NOT NULL,
    created_at timestamp with time zone NOT NULL,
    updated_at timestamp with time zone NOT NULL,
    consent_id bigint,
    guardian_id bigint NOT NULL,
    ward_id bigint NOT NULL,
    CONSTRAINT guardian_not_self CHECK ((NOT (guardian_id = ward_id)))
);


--
-- Name: accounts_guardianrelationship_id_seq; Type: SEQUENCE; Schema: public; Owner: -
--

ALTER TABLE public.accounts_guardianrelationship ALTER COLUMN id ADD GENERATED BY DEFAULT AS IDENTITY (
    SEQUENCE NAME public.accounts_guardianrelationship_id_seq
    START WITH 1
    INCREMENT BY 1
    NO MINVALUE
    NO MAXVALUE
    CACHE 1
);


--
-- Name: accounts_identitybinding; Type: TABLE; Schema: public; Owner: -
--

CREATE TABLE public.accounts_identitybinding (
    id bigint NOT NULL,
    holder_hash character varying(64) NOT NULL,
    user_id bigint,
    created_at timestamp with time zone NOT NULL,
    released_at timestamp with time zone
);


--
-- Name: accounts_identitybinding_id_seq; Type: SEQUENCE; Schema: public; Owner: -
--

ALTER TABLE public.accounts_identitybinding ALTER COLUMN id ADD GENERATED BY DEFAULT AS IDENTITY (
    SEQUENCE NAME public.accounts_identitybinding_id_seq
    START WITH 1
    INCREMENT BY 1
    NO MINVALUE
    NO MAXVALUE
    CACHE 1
);


--
-- Name: accounts_parentalconsent; Type: TABLE; Schema: public; Owner: -
--

CREATE TABLE public.accounts_parentalconsent (
    id bigint NOT NULL,
    guardian_identifier character varying(255) NOT NULL,
    status character varying(16) NOT NULL,
    scope character varying(255) NOT NULL,
    granted_at timestamp with time zone,
    expires_at timestamp with time zone,
    revoked_at timestamp with time zone,
    created_at timestamp with time zone NOT NULL,
    updated_at timestamp with time zone NOT NULL,
    minor_id bigint NOT NULL,
    renewal_notice character varying(8) NOT NULL
);


--
-- Name: accounts_parentalconsent_id_seq; Type: SEQUENCE; Schema: public; Owner: -
--

ALTER TABLE public.accounts_parentalconsent ALTER COLUMN id ADD GENERATED BY DEFAULT AS IDENTITY (
    SEQUENCE NAME public.accounts_parentalconsent_id_seq
    START WITH 1
    INCREMENT BY 1
    NO MINVALUE
    NO MAXVALUE
    CACHE 1
);


--
-- Name: accounts_user; Type: TABLE; Schema: public; Owner: -
--

CREATE TABLE public.accounts_user (
    id bigint NOT NULL,
    password character varying(128) NOT NULL,
    last_login timestamp with time zone,
    is_superuser boolean NOT NULL,
    public_id uuid NOT NULL,
    username character varying(150) NOT NULL,
    display_name character varying(120) NOT NULL,
    age_band character varying(16) NOT NULL,
    cohort character varying(16) NOT NULL,
    is_identity_verified boolean NOT NULL,
    identity_verified_at timestamp with time zone,
    is_active boolean NOT NULL,
    is_staff boolean NOT NULL,
    date_joined timestamp with time zone NOT NULL,
    role character varying(16) NOT NULL
);


--
-- Name: accounts_user_groups; Type: TABLE; Schema: public; Owner: -
--

CREATE TABLE public.accounts_user_groups (
    id bigint NOT NULL,
    user_id bigint NOT NULL,
    group_id integer NOT NULL
);


--
-- Name: accounts_user_groups_id_seq; Type: SEQUENCE; Schema: public; Owner: -
--

ALTER TABLE public.accounts_user_groups ALTER COLUMN id ADD GENERATED BY DEFAULT AS IDENTITY (
    SEQUENCE NAME public.accounts_user_groups_id_seq
    START WITH 1
    INCREMENT BY 1
    NO MINVALUE
    NO MAXVALUE
    CACHE 1
);


--
-- Name: accounts_user_id_seq; Type: SEQUENCE; Schema: public; Owner: -
--

ALTER TABLE public.accounts_user ALTER COLUMN id ADD GENERATED BY DEFAULT AS IDENTITY (
    SEQUENCE NAME public.accounts_user_id_seq
    START WITH 1
    INCREMENT BY 1
    NO MINVALUE
    NO MAXVALUE
    CACHE 1
);


--
-- Name: accounts_user_user_permissions; Type: TABLE; Schema: public; Owner: -
--

CREATE TABLE public.accounts_user_user_permissions (
    id bigint NOT NULL,
    user_id bigint NOT NULL,
    permission_id integer NOT NULL
);


--
-- Name: accounts_user_user_permissions_id_seq; Type: SEQUENCE; Schema: public; Owner: -
--

ALTER TABLE public.accounts_user_user_permissions ALTER COLUMN id ADD GENERATED BY DEFAULT AS IDENTITY (
    SEQUENCE NAME public.accounts_user_user_permissions_id_seq
    START WITH 1
    INCREMENT BY 1
    NO MINVALUE
    NO MAXVALUE
    CACHE 1
);


--
-- Name: auth_group; Type: TABLE; Schema: public; Owner: -
--

CREATE TABLE public.auth_group (
    id integer NOT NULL,
    name character varying(150) NOT NULL
);


--
-- Name: auth_group_id_seq; Type: SEQUENCE; Schema: public; Owner: -
--

ALTER TABLE public.auth_group ALTER COLUMN id ADD GENERATED BY DEFAULT AS IDENTITY (
    SEQUENCE NAME public.auth_group_id_seq
    START WITH 1
    INCREMENT BY 1
    NO MINVALUE
    NO MAXVALUE
    CACHE 1
);


--
-- Name: auth_group_permissions; Type: TABLE; Schema: public; Owner: -
--

CREATE TABLE public.auth_group_permissions (
    id bigint NOT NULL,
    group_id integer NOT NULL,
    permission_id integer NOT NULL
);


--
-- Name: auth_group_permissions_id_seq; Type: SEQUENCE; Schema: public; Owner: -
--

ALTER TABLE public.auth_group_permissions ALTER COLUMN id ADD GENERATED BY DEFAULT AS IDENTITY (
    SEQUENCE NAME public.auth_group_permissions_id_seq
    START WITH 1
    INCREMENT BY 1
    NO MINVALUE
    NO MAXVALUE
    CACHE 1
);


--
-- Name: auth_permission; Type: TABLE; Schema: public; Owner: -
--

CREATE TABLE public.auth_permission (
    id integer NOT NULL,
    name character varying(255) NOT NULL,
    content_type_id integer NOT NULL,
    codename character varying(100) NOT NULL
);


--
-- Name: auth_permission_id_seq; Type: SEQUENCE; Schema: public; Owner: -
--

ALTER TABLE public.auth_permission ALTER COLUMN id ADD GENERATED BY DEFAULT AS IDENTITY (
    SEQUENCE NAME public.auth_permission_id_seq
    START WITH 1
    INCREMENT BY 1
    NO MINVALUE
    NO MAXVALUE
    CACHE 1
);


--
-- Name: authtoken_token; Type: TABLE; Schema: public; Owner: -
--

CREATE TABLE public.authtoken_token (
    key character varying(40) NOT NULL,
    created timestamp with time zone NOT NULL,
    user_id bigint NOT NULL
);


--
-- Name: booking_booking; Type: TABLE; Schema: public; Owner: -
--

CREATE TABLE public.booking_booking (
    id bigint NOT NULL,
    provider character varying(32) NOT NULL,
    external_ref character varying(128) NOT NULL,
    status character varying(16) NOT NULL,
    starts_at timestamp with time zone NOT NULL,
    ends_at timestamp with time zone,
    party_size integer NOT NULL,
    deep_link character varying(200) NOT NULL,
    created_at timestamp with time zone NOT NULL,
    updated_at timestamp with time zone NOT NULL,
    activity_id bigint,
    place_id bigint NOT NULL,
    user_id bigint NOT NULL,
    CONSTRAINT booking_booking_party_size_check CHECK ((party_size >= 0))
);


--
-- Name: booking_booking_id_seq; Type: SEQUENCE; Schema: public; Owner: -
--

ALTER TABLE public.booking_booking ALTER COLUMN id ADD GENERATED BY DEFAULT AS IDENTITY (
    SEQUENCE NAME public.booking_booking_id_seq
    START WITH 1
    INCREMENT BY 1
    NO MINVALUE
    NO MAXVALUE
    CACHE 1
);


--
-- Name: booking_placebookinginfo; Type: TABLE; Schema: public; Owner: -
--

CREATE TABLE public.booking_placebookinginfo (
    id bigint NOT NULL,
    provider character varying(32) NOT NULL,
    deep_link character varying(200) NOT NULL,
    instructions character varying(500) NOT NULL,
    provider_place_ref character varying(128) NOT NULL,
    created_at timestamp with time zone NOT NULL,
    updated_at timestamp with time zone NOT NULL,
    place_id bigint NOT NULL
);


--
-- Name: booking_placebookinginfo_id_seq; Type: SEQUENCE; Schema: public; Owner: -
--

ALTER TABLE public.booking_placebookinginfo ALTER COLUMN id ADD GENERATED BY DEFAULT AS IDENTITY (
    SEQUENCE NAME public.booking_placebookinginfo_id_seq
    START WITH 1
    INCREMENT BY 1
    NO MINVALUE
    NO MAXVALUE
    CACHE 1
);


--
-- Name: communities_area; Type: TABLE; Schema: public; Owner: -
--

CREATE TABLE public.communities_area (
    id bigint NOT NULL,
    city character varying(128) NOT NULL,
    slug character varying(96) NOT NULL,
    name character varying(128) NOT NULL,
    derive_method character varying(12) NOT NULL,
    min_radius_m integer NOT NULL,
    is_active boolean NOT NULL,
    created_at timestamp with time zone NOT NULL,
    CONSTRAINT communities_area_min_radius_m_check CHECK ((min_radius_m >= 0))
);


--
-- Name: communities_area_id_seq; Type: SEQUENCE; Schema: public; Owner: -
--

ALTER TABLE public.communities_area ALTER COLUMN id ADD GENERATED BY DEFAULT AS IDENTITY (
    SEQUENCE NAME public.communities_area_id_seq
    START WITH 1
    INCREMENT BY 1
    NO MINVALUE
    NO MAXVALUE
    CACHE 1
);


--
-- Name: communities_community; Type: TABLE; Schema: public; Owner: -
--

CREATE TABLE public.communities_community (
    id bigint NOT NULL,
    cohort character varying(16) NOT NULL,
    tier character varying(8) NOT NULL,
    slug character varying(140) NOT NULL,
    name character varying(160) NOT NULL,
    is_published boolean NOT NULL,
    last_evaluated_at timestamp with time zone,
    created_at timestamp with time zone NOT NULL,
    activity_type_id bigint,
    area_id bigint NOT NULL,
    category_id bigint NOT NULL,
    CONSTRAINT community_tier_matches_type CHECK ((((activity_type_id IS NOT NULL) AND ((tier)::text = 'type'::text)) OR ((activity_type_id IS NULL) AND ((tier)::text = 'category'::text))))
);


--
-- Name: communities_community_id_seq; Type: SEQUENCE; Schema: public; Owner: -
--

ALTER TABLE public.communities_community ALTER COLUMN id ADD GENERATED BY DEFAULT AS IDENTITY (
    SEQUENCE NAME public.communities_community_id_seq
    START WITH 1
    INCREMENT BY 1
    NO MINVALUE
    NO MAXVALUE
    CACHE 1
);


--
-- Name: connections_connection; Type: TABLE; Schema: public; Owner: -
--

CREATE TABLE public.connections_connection (
    id bigint NOT NULL,
    status character varying(12) NOT NULL,
    created_at timestamp with time zone NOT NULL,
    decided_at timestamp with time zone,
    addressee_id bigint NOT NULL,
    requester_id bigint NOT NULL
);


--
-- Name: connections_connection_id_seq; Type: SEQUENCE; Schema: public; Owner: -
--

ALTER TABLE public.connections_connection ALTER COLUMN id ADD GENERATED BY DEFAULT AS IDENTITY (
    SEQUENCE NAME public.connections_connection_id_seq
    START WITH 1
    INCREMENT BY 1
    NO MINVALUE
    NO MAXVALUE
    CACHE 1
);


--
-- Name: django_admin_log; Type: TABLE; Schema: public; Owner: -
--

CREATE TABLE public.django_admin_log (
    id integer NOT NULL,
    action_time timestamp with time zone NOT NULL,
    object_id text,
    object_repr character varying(200) NOT NULL,
    action_flag smallint NOT NULL,
    change_message text NOT NULL,
    content_type_id integer,
    user_id bigint NOT NULL,
    CONSTRAINT django_admin_log_action_flag_check CHECK ((action_flag >= 0))
);


--
-- Name: django_admin_log_id_seq; Type: SEQUENCE; Schema: public; Owner: -
--

ALTER TABLE public.django_admin_log ALTER COLUMN id ADD GENERATED BY DEFAULT AS IDENTITY (
    SEQUENCE NAME public.django_admin_log_id_seq
    START WITH 1
    INCREMENT BY 1
    NO MINVALUE
    NO MAXVALUE
    CACHE 1
);


--
-- Name: django_content_type; Type: TABLE; Schema: public; Owner: -
--

CREATE TABLE public.django_content_type (
    id integer NOT NULL,
    app_label character varying(100) NOT NULL,
    model character varying(100) NOT NULL
);


--
-- Name: django_content_type_id_seq; Type: SEQUENCE; Schema: public; Owner: -
--

ALTER TABLE public.django_content_type ALTER COLUMN id ADD GENERATED BY DEFAULT AS IDENTITY (
    SEQUENCE NAME public.django_content_type_id_seq
    START WITH 1
    INCREMENT BY 1
    NO MINVALUE
    NO MAXVALUE
    CACHE 1
);


--
-- Name: django_migrations; Type: TABLE; Schema: public; Owner: -
--

CREATE TABLE public.django_migrations (
    id bigint NOT NULL,
    app character varying(255) NOT NULL,
    name character varying(255) NOT NULL,
    applied timestamp with time zone NOT NULL
);


--
-- Name: django_migrations_id_seq; Type: SEQUENCE; Schema: public; Owner: -
--

ALTER TABLE public.django_migrations ALTER COLUMN id ADD GENERATED BY DEFAULT AS IDENTITY (
    SEQUENCE NAME public.django_migrations_id_seq
    START WITH 1
    INCREMENT BY 1
    NO MINVALUE
    NO MAXVALUE
    CACHE 1
);


--
-- Name: django_session; Type: TABLE; Schema: public; Owner: -
--

CREATE TABLE public.django_session (
    session_key character varying(40) NOT NULL,
    session_data text NOT NULL,
    expire_date timestamp with time zone NOT NULL
);


--
-- Name: donations_campaign; Type: TABLE; Schema: public; Owner: -
--

CREATE TABLE public.donations_campaign (
    id bigint NOT NULL,
    title character varying(120) NOT NULL,
    slug character varying(64) NOT NULL,
    description text NOT NULL,
    goal_cents integer NOT NULL,
    currency character varying(3) NOT NULL,
    is_active boolean NOT NULL,
    created timestamp with time zone NOT NULL,
    partner_id bigint,
    closed_at timestamp with time zone,
    outcome character varying(280) NOT NULL,
    CONSTRAINT campaign_goal_min CHECK ((goal_cents >= 100)),
    CONSTRAINT donations_campaign_goal_cents_check CHECK ((goal_cents >= 0))
);


--
-- Name: donations_campaign_id_seq; Type: SEQUENCE; Schema: public; Owner: -
--

ALTER TABLE public.donations_campaign ALTER COLUMN id ADD GENERATED BY DEFAULT AS IDENTITY (
    SEQUENCE NAME public.donations_campaign_id_seq
    START WITH 1
    INCREMENT BY 1
    NO MINVALUE
    NO MAXVALUE
    CACHE 1
);


--
-- Name: donations_civicoutcome; Type: TABLE; Schema: public; Owner: -
--

CREATE TABLE public.donations_civicoutcome (
    id bigint NOT NULL,
    headline character varying(280) NOT NULL,
    detail character varying(300) NOT NULL,
    period character varying(60) NOT NULL,
    is_active boolean NOT NULL,
    created_at timestamp with time zone NOT NULL,
    partner_id bigint
);


--
-- Name: donations_civicoutcome_id_seq; Type: SEQUENCE; Schema: public; Owner: -
--

ALTER TABLE public.donations_civicoutcome ALTER COLUMN id ADD GENERATED BY DEFAULT AS IDENTITY (
    SEQUENCE NAME public.donations_civicoutcome_id_seq
    START WITH 1
    INCREMENT BY 1
    NO MINVALUE
    NO MAXVALUE
    CACHE 1
);


--
-- Name: donations_costanchor; Type: TABLE; Schema: public; Owner: -
--

CREATE TABLE public.donations_costanchor (
    id bigint NOT NULL,
    label character varying(280) NOT NULL,
    amount_cents integer NOT NULL,
    currency character varying(3) NOT NULL,
    spend_category character varying(120) NOT NULL,
    is_active boolean NOT NULL,
    created_at timestamp with time zone NOT NULL,
    CONSTRAINT costanchor_positive_amount CHECK ((amount_cents >= 1)),
    CONSTRAINT donations_costanchor_amount_cents_check CHECK ((amount_cents >= 0))
);


--
-- Name: donations_costanchor_id_seq; Type: SEQUENCE; Schema: public; Owner: -
--

ALTER TABLE public.donations_costanchor ALTER COLUMN id ADD GENERATED BY DEFAULT AS IDENTITY (
    SEQUENCE NAME public.donations_costanchor_id_seq
    START WITH 1
    INCREMENT BY 1
    NO MINVALUE
    NO MAXVALUE
    CACHE 1
);


--
-- Name: donations_donation; Type: TABLE; Schema: public; Owner: -
--

CREATE TABLE public.donations_donation (
    id bigint NOT NULL,
    amount_cents integer NOT NULL,
    currency character varying(3) NOT NULL,
    provider character varying(64) NOT NULL,
    status character varying(16) NOT NULL,
    external_ref character varying(128) NOT NULL,
    created_at timestamp with time zone NOT NULL,
    completed_at timestamp with time zone,
    donor_id bigint,
    recurring boolean NOT NULL,
    campaign_id bigint,
    CONSTRAINT donation_min_amount CHECK ((amount_cents >= 100)),
    CONSTRAINT donations_donation_amount_cents_check CHECK ((amount_cents >= 0))
);


--
-- Name: donations_donation_id_seq; Type: SEQUENCE; Schema: public; Owner: -
--

ALTER TABLE public.donations_donation ALTER COLUMN id ADD GENERATED BY DEFAULT AS IDENTITY (
    SEQUENCE NAME public.donations_donation_id_seq
    START WITH 1
    INCREMENT BY 1
    NO MINVALUE
    NO MAXVALUE
    CACHE 1
);


--
-- Name: donations_inkindcontribution; Type: TABLE; Schema: public; Owner: -
--

CREATE TABLE public.donations_inkindcontribution (
    id bigint NOT NULL,
    category character varying(120) NOT NULL,
    quantity integer,
    unit_text character varying(60) NOT NULL,
    value_cents integer,
    currency character varying(3) NOT NULL,
    period character varying(60) NOT NULL,
    note character varying(300) NOT NULL,
    partner_id bigint,
    created_at timestamp with time zone NOT NULL,
    CONSTRAINT donations_inkindcontribution_quantity_check CHECK ((quantity >= 0)),
    CONSTRAINT donations_inkindcontribution_value_cents_check CHECK ((value_cents >= 0))
);


--
-- Name: donations_inkindcontribution_id_seq; Type: SEQUENCE; Schema: public; Owner: -
--

ALTER TABLE public.donations_inkindcontribution ALTER COLUMN id ADD GENERATED BY DEFAULT AS IDENTITY (
    SEQUENCE NAME public.donations_inkindcontribution_id_seq
    START WITH 1
    INCREMENT BY 1
    NO MINVALUE
    NO MAXVALUE
    CACHE 1
);


--
-- Name: donations_spendentry; Type: TABLE; Schema: public; Owner: -
--

CREATE TABLE public.donations_spendentry (
    id bigint NOT NULL,
    category character varying(120) NOT NULL,
    amount_cents integer NOT NULL,
    currency character varying(3) NOT NULL,
    period character varying(60) NOT NULL,
    note character varying(300) NOT NULL,
    created_at timestamp with time zone NOT NULL,
    campaign_id bigint,
    CONSTRAINT donations_spendentry_amount_cents_check CHECK ((amount_cents >= 0)),
    CONSTRAINT spendentry_nonneg_amount CHECK ((amount_cents >= 0))
);


--
-- Name: donations_spendentry_id_seq; Type: SEQUENCE; Schema: public; Owner: -
--

ALTER TABLE public.donations_spendentry ALTER COLUMN id ADD GENERATED BY DEFAULT AS IDENTITY (
    SEQUENCE NAME public.donations_spendentry_id_seq
    START WITH 1
    INCREMENT BY 1
    NO MINVALUE
    NO MAXVALUE
    CACHE 1
);


--
-- Name: events_event; Type: TABLE; Schema: public; Owner: -
--

CREATE TABLE public.events_event (
    id bigint NOT NULL,
    title character varying(255) NOT NULL,
    description text NOT NULL,
    starts_at timestamp with time zone NOT NULL,
    ends_at timestamp with time zone,
    url character varying(500) NOT NULL,
    source character varying(16) NOT NULL,
    external_id character varying(200) NOT NULL,
    created_at timestamp with time zone NOT NULL,
    updated_at timestamp with time zone NOT NULL,
    activity_type_id bigint,
    place_id bigint,
    attribution character varying(255) NOT NULL,
    license_name character varying(120) NOT NULL,
    provenance_url character varying(500) NOT NULL
);


--
-- Name: events_event_id_seq; Type: SEQUENCE; Schema: public; Owner: -
--

ALTER TABLE public.events_event ALTER COLUMN id ADD GENERATED BY DEFAULT AS IDENTITY (
    SEQUENCE NAME public.events_event_id_seq
    START WITH 1
    INCREMENT BY 1
    NO MINVALUE
    NO MAXVALUE
    CACHE 1
);


--
-- Name: events_eventfeed; Type: TABLE; Schema: public; Owner: -
--

CREATE TABLE public.events_eventfeed (
    id bigint NOT NULL,
    name character varying(120) NOT NULL,
    url character varying(500) NOT NULL,
    is_active boolean NOT NULL,
    last_synced_at timestamp with time zone,
    last_status character varying(200) NOT NULL,
    created_at timestamp with time zone NOT NULL,
    activity_type_id bigint,
    place_id bigint
);


--
-- Name: events_eventfeed_id_seq; Type: SEQUENCE; Schema: public; Owner: -
--

ALTER TABLE public.events_eventfeed ALTER COLUMN id ADD GENERATED BY DEFAULT AS IDENTITY (
    SEQUENCE NAME public.events_eventfeed_id_seq
    START WITH 1
    INCREMENT BY 1
    NO MINVALUE
    NO MAXVALUE
    CACHE 1
);


--
-- Name: events_eventreport; Type: TABLE; Schema: public; Owner: -
--

CREATE TABLE public.events_eventreport (
    id bigint NOT NULL,
    kind character varying(16) NOT NULL,
    created_at timestamp with time zone NOT NULL,
    event_id bigint NOT NULL,
    reporter_id bigint NOT NULL
);


--
-- Name: events_eventreport_id_seq; Type: SEQUENCE; Schema: public; Owner: -
--

ALTER TABLE public.events_eventreport ALTER COLUMN id ADD GENERATED BY DEFAULT AS IDENTITY (
    SEQUENCE NAME public.events_eventreport_id_seq
    START WITH 1
    INCREMENT BY 1
    NO MINVALUE
    NO MAXVALUE
    CACHE 1
);


--
-- Name: media_activitycover; Type: TABLE; Schema: public; Owner: -
--

CREATE TABLE public.media_activitycover (
    id bigint NOT NULL,
    storage_key character varying(128) NOT NULL,
    content_type character varying(64) NOT NULL,
    byte_size integer NOT NULL,
    sha256 character varying(64) NOT NULL,
    width integer NOT NULL,
    height integer NOT NULL,
    exif_stripped boolean NOT NULL,
    alt_text character varying(140) NOT NULL,
    created_at timestamp with time zone NOT NULL,
    updated_at timestamp with time zone NOT NULL,
    activity_id bigint NOT NULL,
    uploader_id bigint NOT NULL,
    CONSTRAINT media_activitycover_byte_size_check CHECK ((byte_size >= 0)),
    CONSTRAINT media_activitycover_height_check CHECK ((height >= 0)),
    CONSTRAINT media_activitycover_width_check CHECK ((width >= 0))
);


--
-- Name: media_activitycover_id_seq; Type: SEQUENCE; Schema: public; Owner: -
--

ALTER TABLE public.media_activitycover ALTER COLUMN id ADD GENERATED BY DEFAULT AS IDENTITY (
    SEQUENCE NAME public.media_activitycover_id_seq
    START WITH 1
    INCREMENT BY 1
    NO MINVALUE
    NO MAXVALUE
    CACHE 1
);


--
-- Name: media_attachment; Type: TABLE; Schema: public; Owner: -
--

CREATE TABLE public.media_attachment (
    id bigint NOT NULL,
    kind character varying(8) NOT NULL,
    storage_key character varying(128) NOT NULL,
    content_type character varying(64) NOT NULL,
    byte_size integer NOT NULL,
    sha256 character varying(64) NOT NULL,
    original_filename character varying(120) NOT NULL,
    width integer NOT NULL,
    height integer NOT NULL,
    exif_stripped boolean NOT NULL,
    created_at timestamp with time zone NOT NULL,
    post_id bigint NOT NULL,
    uploader_id bigint NOT NULL,
    expires_at timestamp with time zone,
    purged_at timestamp with time zone,
    CONSTRAINT media_attachment_byte_size_check CHECK ((byte_size >= 0)),
    CONSTRAINT media_attachment_height_check CHECK ((height >= 0)),
    CONSTRAINT media_attachment_width_check CHECK ((width >= 0))
);


--
-- Name: media_attachment_id_seq; Type: SEQUENCE; Schema: public; Owner: -
--

ALTER TABLE public.media_attachment ALTER COLUMN id ADD GENERATED BY DEFAULT AS IDENTITY (
    SEQUENCE NAME public.media_attachment_id_seq
    START WITH 1
    INCREMENT BY 1
    NO MINVALUE
    NO MAXVALUE
    CACHE 1
);


--
-- Name: media_photo; Type: TABLE; Schema: public; Owner: -
--

CREATE TABLE public.media_photo (
    id bigint NOT NULL,
    kind character varying(16) NOT NULL,
    storage_key character varying(128) NOT NULL,
    content_type character varying(64) NOT NULL,
    byte_size integer NOT NULL,
    sha256 character varying(64) NOT NULL,
    width integer NOT NULL,
    height integer NOT NULL,
    scan_status character varying(16) NOT NULL,
    exif_stripped boolean NOT NULL,
    created_at timestamp with time zone NOT NULL,
    thread_id bigint,
    uploader_id bigint NOT NULL,
    phash character varying(16) NOT NULL,
    CONSTRAINT media_photo_byte_size_check CHECK ((byte_size >= 0)),
    CONSTRAINT media_photo_height_check CHECK ((height >= 0)),
    CONSTRAINT media_photo_width_check CHECK ((width >= 0)),
    CONSTRAINT photo_thread_matches_kind CHECK (((((kind)::text = 'thread'::text) AND (thread_id IS NOT NULL)) OR (((kind)::text = 'profile'::text) AND (thread_id IS NULL))))
);


--
-- Name: media_photo_id_seq; Type: SEQUENCE; Schema: public; Owner: -
--

ALTER TABLE public.media_photo ALTER COLUMN id ADD GENERATED BY DEFAULT AS IDENTITY (
    SEQUENCE NAME public.media_photo_id_seq
    START WITH 1
    INCREMENT BY 1
    NO MINVALUE
    NO MAXVALUE
    CACHE 1
);


--
-- Name: messaging_conversation; Type: TABLE; Schema: public; Owner: -
--

CREATE TABLE public.messaging_conversation (
    id bigint NOT NULL,
    kind character varying(8) NOT NULL,
    title character varying(120) NOT NULL,
    cohort character varying(16) NOT NULL,
    created_at timestamp with time zone NOT NULL,
    updated_at timestamp with time zone NOT NULL,
    creator_id bigint,
    disappearing_seconds integer NOT NULL,
    CONSTRAINT messaging_conversation_disappearing_seconds_check CHECK ((disappearing_seconds >= 0))
);


--
-- Name: messaging_conversation_id_seq; Type: SEQUENCE; Schema: public; Owner: -
--

ALTER TABLE public.messaging_conversation ALTER COLUMN id ADD GENERATED BY DEFAULT AS IDENTITY (
    SEQUENCE NAME public.messaging_conversation_id_seq
    START WITH 1
    INCREMENT BY 1
    NO MINVALUE
    NO MAXVALUE
    CACHE 1
);


--
-- Name: messaging_keyverification; Type: TABLE; Schema: public; Owner: -
--

CREATE TABLE public.messaging_keyverification (
    id bigint NOT NULL,
    fingerprint character varying(128) NOT NULL,
    created_at timestamp with time zone NOT NULL,
    updated_at timestamp with time zone NOT NULL,
    subject_id bigint NOT NULL,
    verifier_id bigint NOT NULL
);


--
-- Name: messaging_keyverification_id_seq; Type: SEQUENCE; Schema: public; Owner: -
--

ALTER TABLE public.messaging_keyverification ALTER COLUMN id ADD GENERATED BY DEFAULT AS IDENTITY (
    SEQUENCE NAME public.messaging_keyverification_id_seq
    START WITH 1
    INCREMENT BY 1
    NO MINVALUE
    NO MAXVALUE
    CACHE 1
);


--
-- Name: messaging_message; Type: TABLE; Schema: public; Owner: -
--

CREATE TABLE public.messaging_message (
    id bigint NOT NULL,
    algorithm character varying(32) NOT NULL,
    ciphertext text NOT NULL,
    iv character varying(64) NOT NULL,
    created_at timestamp with time zone NOT NULL,
    conversation_id bigint NOT NULL,
    sender_id bigint
);


--
-- Name: messaging_message_id_seq; Type: SEQUENCE; Schema: public; Owner: -
--

ALTER TABLE public.messaging_message ALTER COLUMN id ADD GENERATED BY DEFAULT AS IDENTITY (
    SEQUENCE NAME public.messaging_message_id_seq
    START WITH 1
    INCREMENT BY 1
    NO MINVALUE
    NO MAXVALUE
    CACHE 1
);


--
-- Name: messaging_messagekey; Type: TABLE; Schema: public; Owner: -
--

CREATE TABLE public.messaging_messagekey (
    id bigint NOT NULL,
    ephemeral_public_jwk jsonb NOT NULL,
    wrapped_key text NOT NULL,
    wrap_iv character varying(64) NOT NULL,
    created_at timestamp with time zone NOT NULL,
    message_id bigint NOT NULL,
    recipient_id bigint NOT NULL
);


--
-- Name: messaging_messagekey_id_seq; Type: SEQUENCE; Schema: public; Owner: -
--

ALTER TABLE public.messaging_messagekey ALTER COLUMN id ADD GENERATED BY DEFAULT AS IDENTITY (
    SEQUENCE NAME public.messaging_messagekey_id_seq
    START WITH 1
    INCREMENT BY 1
    NO MINVALUE
    NO MAXVALUE
    CACHE 1
);


--
-- Name: messaging_participant; Type: TABLE; Schema: public; Owner: -
--

CREATE TABLE public.messaging_participant (
    id bigint NOT NULL,
    state character varying(8) NOT NULL,
    role character varying(8) NOT NULL,
    created_at timestamp with time zone NOT NULL,
    joined_at timestamp with time zone,
    last_read_at timestamp with time zone,
    conversation_id bigint NOT NULL,
    invited_by_id bigint,
    user_id bigint NOT NULL
);


--
-- Name: messaging_participant_id_seq; Type: SEQUENCE; Schema: public; Owner: -
--

ALTER TABLE public.messaging_participant ALTER COLUMN id ADD GENERATED BY DEFAULT AS IDENTITY (
    SEQUENCE NAME public.messaging_participant_id_seq
    START WITH 1
    INCREMENT BY 1
    NO MINVALUE
    NO MAXVALUE
    CACHE 1
);


--
-- Name: messaging_publickey; Type: TABLE; Schema: public; Owner: -
--

CREATE TABLE public.messaging_publickey (
    id bigint NOT NULL,
    key_id uuid NOT NULL,
    algorithm character varying(32) NOT NULL,
    public_jwk jsonb NOT NULL,
    wrapped_private_jwk jsonb,
    active boolean NOT NULL,
    created_at timestamp with time zone NOT NULL,
    user_id bigint NOT NULL
);


--
-- Name: messaging_publickey_id_seq; Type: SEQUENCE; Schema: public; Owner: -
--

ALTER TABLE public.messaging_publickey ALTER COLUMN id ADD GENERATED BY DEFAULT AS IDENTITY (
    SEQUENCE NAME public.messaging_publickey_id_seq
    START WITH 1
    INCREMENT BY 1
    NO MINVALUE
    NO MAXVALUE
    CACHE 1
);


--
-- Name: notifications_notification; Type: TABLE; Schema: public; Owner: -
--

CREATE TABLE public.notifications_notification (
    id bigint NOT NULL,
    kind character varying(24) NOT NULL,
    title character varying(200) NOT NULL,
    body text NOT NULL,
    url character varying(300) NOT NULL,
    read_at timestamp with time zone,
    created_at timestamp with time zone NOT NULL,
    recipient_id bigint NOT NULL
);


--
-- Name: notifications_notification_id_seq; Type: SEQUENCE; Schema: public; Owner: -
--

ALTER TABLE public.notifications_notification ALTER COLUMN id ADD GENERATED BY DEFAULT AS IDENTITY (
    SEQUENCE NAME public.notifications_notification_id_seq
    START WITH 1
    INCREMENT BY 1
    NO MINVALUE
    NO MAXVALUE
    CACHE 1
);


--
-- Name: notifications_notificationpreference; Type: TABLE; Schema: public; Owner: -
--

CREATE TABLE public.notifications_notificationpreference (
    user_id bigint NOT NULL,
    muted_kinds character varying(24)[] NOT NULL
);


--
-- Name: ops_deferredtask; Type: TABLE; Schema: public; Owner: -
--

CREATE TABLE public.ops_deferredtask (
    id bigint NOT NULL,
    kind character varying(64) NOT NULL,
    payload jsonb NOT NULL,
    status character varying(16) NOT NULL,
    attempts integer NOT NULL,
    max_attempts smallint NOT NULL,
    available_at timestamp with time zone NOT NULL,
    dedup_key character varying(200) NOT NULL,
    last_error text NOT NULL,
    created_at timestamp with time zone NOT NULL,
    started_at timestamp with time zone,
    finished_at timestamp with time zone,
    CONSTRAINT ops_deferredtask_attempts_check CHECK ((attempts >= 0)),
    CONSTRAINT ops_deferredtask_max_attempts_check CHECK ((max_attempts >= 0))
);


--
-- Name: ops_deferredtask_id_seq; Type: SEQUENCE; Schema: public; Owner: -
--

ALTER TABLE public.ops_deferredtask ALTER COLUMN id ADD GENERATED BY DEFAULT AS IDENTITY (
    SEQUENCE NAME public.ops_deferredtask_id_seq
    START WITH 1
    INCREMENT BY 1
    NO MINVALUE
    NO MAXVALUE
    CACHE 1
);


--
-- Name: places_accesspreference; Type: TABLE; Schema: public; Owner: -
--

CREATE TABLE public.places_accesspreference (
    id bigint NOT NULL,
    needs_step_free boolean NOT NULL,
    needs_accessible_toilet boolean NOT NULL,
    prefers_quiet boolean NOT NULL,
    created_at timestamp with time zone NOT NULL,
    updated_at timestamp with time zone NOT NULL,
    user_id bigint NOT NULL,
    needs_hearing_loop boolean NOT NULL
);


--
-- Name: places_accesspreference_id_seq; Type: SEQUENCE; Schema: public; Owner: -
--

ALTER TABLE public.places_accesspreference ALTER COLUMN id ADD GENERATED BY DEFAULT AS IDENTITY (
    SEQUENCE NAME public.places_accesspreference_id_seq
    START WITH 1
    INCREMENT BY 1
    NO MINVALUE
    NO MAXVALUE
    CACHE 1
);


--
-- Name: places_activityedgevote; Type: TABLE; Schema: public; Owner: -
--

CREATE TABLE public.places_activityedgevote (
    id bigint NOT NULL,
    vote character varying(8) NOT NULL,
    created_at timestamp with time zone NOT NULL,
    edge_id bigint NOT NULL,
    user_id bigint NOT NULL
);


--
-- Name: places_activityedgevote_id_seq; Type: SEQUENCE; Schema: public; Owner: -
--

ALTER TABLE public.places_activityedgevote ALTER COLUMN id ADD GENERATED BY DEFAULT AS IDENTITY (
    SEQUENCE NAME public.places_activityedgevote_id_seq
    START WITH 1
    INCREMENT BY 1
    NO MINVALUE
    NO MAXVALUE
    CACHE 1
);


--
-- Name: places_approvedchildvenue; Type: TABLE; Schema: public; Owner: -
--

CREATE TABLE public.places_approvedchildvenue (
    id bigint NOT NULL,
    note character varying(255) NOT NULL,
    created_at timestamp with time zone NOT NULL,
    approved_by_id bigint,
    place_id bigint NOT NULL
);


--
-- Name: places_approvedchildvenue_id_seq; Type: SEQUENCE; Schema: public; Owner: -
--

ALTER TABLE public.places_approvedchildvenue ALTER COLUMN id ADD GENERATED BY DEFAULT AS IDENTITY (
    SEQUENCE NAME public.places_approvedchildvenue_id_seq
    START WITH 1
    INCREMENT BY 1
    NO MINVALUE
    NO MAXVALUE
    CACHE 1
);


--
-- Name: places_childvenueclass; Type: TABLE; Schema: public; Owner: -
--

CREATE TABLE public.places_childvenueclass (
    id bigint NOT NULL,
    key character varying(64) NOT NULL,
    label character varying(120) NOT NULL,
    osm_match jsonb NOT NULL,
    overture_categories jsonb NOT NULL,
    is_active boolean NOT NULL,
    created_at timestamp with time zone NOT NULL
);


--
-- Name: places_childvenueclass_id_seq; Type: SEQUENCE; Schema: public; Owner: -
--

ALTER TABLE public.places_childvenueclass ALTER COLUMN id ADD GENERATED BY DEFAULT AS IDENTITY (
    SEQUENCE NAME public.places_childvenueclass_id_seq
    START WITH 1
    INCREMENT BY 1
    NO MINVALUE
    NO MAXVALUE
    CACHE 1
);


--
-- Name: places_opennowreport; Type: TABLE; Schema: public; Owner: -
--

CREATE TABLE public.places_opennowreport (
    id bigint NOT NULL,
    created_at timestamp with time zone NOT NULL,
    place_id bigint NOT NULL,
    reporter_id bigint NOT NULL
);


--
-- Name: places_opennowreport_id_seq; Type: SEQUENCE; Schema: public; Owner: -
--

ALTER TABLE public.places_opennowreport ALTER COLUMN id ADD GENERATED BY DEFAULT AS IDENTITY (
    SEQUENCE NAME public.places_opennowreport_id_seq
    START WITH 1
    INCREMENT BY 1
    NO MINVALUE
    NO MAXVALUE
    CACHE 1
);


--
-- Name: places_partner; Type: TABLE; Schema: public; Owner: -
--

CREATE TABLE public.places_partner (
    id bigint NOT NULL,
    name character varying(255) NOT NULL,
    kind character varying(16) NOT NULL,
    blurb text NOT NULL,
    website character varying(500) NOT NULL,
    is_verified boolean NOT NULL,
    is_active boolean NOT NULL,
    created_at timestamp with time zone NOT NULL,
    updated_at timestamp with time zone NOT NULL,
    place_id bigint
);


--
-- Name: places_partner_id_seq; Type: SEQUENCE; Schema: public; Owner: -
--

ALTER TABLE public.places_partner ALTER COLUMN id ADD GENERATED BY DEFAULT AS IDENTITY (
    SEQUENCE NAME public.places_partner_id_seq
    START WITH 1
    INCREMENT BY 1
    NO MINVALUE
    NO MAXVALUE
    CACHE 1
);


--
-- Name: places_place; Type: TABLE; Schema: public; Owner: -
--

CREATE TABLE public.places_place (
    id bigint NOT NULL,
    name character varying(255) NOT NULL,
    location public.geography(Point,4326) NOT NULL,
    address_street character varying(255) NOT NULL,
    address_housenumber character varying(32) NOT NULL,
    address_city character varying(128) NOT NULL,
    address_postcode character varying(32) NOT NULL,
    address_country character varying(2) NOT NULL,
    opening_hours_raw character varying(255) NOT NULL,
    opening_hours jsonb,
    source character varying(16) NOT NULL,
    osm_type character varying(8) NOT NULL,
    osm_id bigint,
    external_id character varying(128) NOT NULL,
    raw_tags jsonb NOT NULL,
    first_seen_at timestamp with time zone NOT NULL,
    last_seen_at timestamp with time zone NOT NULL,
    phone character varying(64) NOT NULL,
    website character varying(500) NOT NULL,
    attribution character varying(255) NOT NULL,
    license_name character varying(120) NOT NULL,
    provenance_url character varying(500) NOT NULL
);


--
-- Name: places_place_id_seq; Type: SEQUENCE; Schema: public; Owner: -
--

ALTER TABLE public.places_place ALTER COLUMN id ADD GENERATED BY DEFAULT AS IDENTITY (
    SEQUENCE NAME public.places_place_id_seq
    START WITH 1
    INCREMENT BY 1
    NO MINVALUE
    NO MAXVALUE
    CACHE 1
);


--
-- Name: places_placeactivity; Type: TABLE; Schema: public; Owner: -
--

CREATE TABLE public.places_placeactivity (
    id bigint NOT NULL,
    origin character varying(16) NOT NULL,
    confidence double precision NOT NULL,
    source character varying(16) NOT NULL,
    mapping_rule character varying(128) NOT NULL,
    created_at timestamp with time zone NOT NULL,
    updated_at timestamp with time zone NOT NULL,
    activity_id bigint NOT NULL,
    place_id bigint NOT NULL,
    is_disputed boolean NOT NULL
);


--
-- Name: places_placeactivity_id_seq; Type: SEQUENCE; Schema: public; Owner: -
--

ALTER TABLE public.places_placeactivity ALTER COLUMN id ADD GENERATED BY DEFAULT AS IDENTITY (
    SEQUENCE NAME public.places_placeactivity_id_seq
    START WITH 1
    INCREMENT BY 1
    NO MINVALUE
    NO MAXVALUE
    CACHE 1
);


--
-- Name: places_placeclosurereport; Type: TABLE; Schema: public; Owner: -
--

CREATE TABLE public.places_placeclosurereport (
    id bigint NOT NULL,
    place_id bigint NOT NULL,
    reporter_id bigint NOT NULL,
    created_at timestamp with time zone NOT NULL
);


--
-- Name: places_placeclosurereport_id_seq; Type: SEQUENCE; Schema: public; Owner: -
--

ALTER TABLE public.places_placeclosurereport ALTER COLUMN id ADD GENERATED BY DEFAULT AS IDENTITY (
    SEQUENCE NAME public.places_placeclosurereport_id_seq
    START WITH 1
    INCREMENT BY 1
    NO MINVALUE
    NO MAXVALUE
    CACHE 1
);


--
-- Name: places_placecorrection; Type: TABLE; Schema: public; Owner: -
--

CREATE TABLE public.places_placecorrection (
    id bigint NOT NULL,
    field character varying(16) NOT NULL,
    proposed_value character varying(255) NOT NULL,
    required_confirmations integer NOT NULL,
    status character varying(16) NOT NULL,
    created_at timestamp with time zone NOT NULL,
    published_at timestamp with time zone,
    place_id bigint NOT NULL,
    proposer_id bigint NOT NULL,
    CONSTRAINT correction_quorum_positive CHECK ((required_confirmations >= 1)),
    CONSTRAINT places_placecorrection_required_confirmations_check CHECK ((required_confirmations >= 0))
);


--
-- Name: places_placecorrection_id_seq; Type: SEQUENCE; Schema: public; Owner: -
--

ALTER TABLE public.places_placecorrection ALTER COLUMN id ADD GENERATED BY DEFAULT AS IDENTITY (
    SEQUENCE NAME public.places_placecorrection_id_seq
    START WITH 1
    INCREMENT BY 1
    NO MINVALUE
    NO MAXVALUE
    CACHE 1
);


--
-- Name: places_placecorrectionconfirmation; Type: TABLE; Schema: public; Owner: -
--

CREATE TABLE public.places_placecorrectionconfirmation (
    id bigint NOT NULL,
    created_at timestamp with time zone NOT NULL,
    correction_id bigint NOT NULL,
    user_id bigint NOT NULL
);


--
-- Name: places_placecorrectionconfirmation_id_seq; Type: SEQUENCE; Schema: public; Owner: -
--

ALTER TABLE public.places_placecorrectionconfirmation ALTER COLUMN id ADD GENERATED BY DEFAULT AS IDENTITY (
    SEQUENCE NAME public.places_placecorrectionconfirmation_id_seq
    START WITH 1
    INCREMENT BY 1
    NO MINVALUE
    NO MAXVALUE
    CACHE 1
);


--
-- Name: places_placefactvote; Type: TABLE; Schema: public; Owner: -
--

CREATE TABLE public.places_placefactvote (
    id bigint NOT NULL,
    fact_key character varying(24) NOT NULL,
    value boolean NOT NULL,
    created_at timestamp with time zone NOT NULL,
    updated_at timestamp with time zone NOT NULL,
    place_id bigint NOT NULL,
    user_id bigint NOT NULL
);


--
-- Name: places_placefactvote_id_seq; Type: SEQUENCE; Schema: public; Owner: -
--

ALTER TABLE public.places_placefactvote ALTER COLUMN id ADD GENERATED BY DEFAULT AS IDENTITY (
    SEQUENCE NAME public.places_placefactvote_id_seq
    START WITH 1
    INCREMENT BY 1
    NO MINVALUE
    NO MAXVALUE
    CACHE 1
);


--
-- Name: recommendations_activityembedding; Type: TABLE; Schema: public; Owner: -
--

CREATE TABLE public.recommendations_activityembedding (
    id bigint NOT NULL,
    vector public.vector(64) NOT NULL,
    updated_at timestamp with time zone NOT NULL,
    activity_id bigint NOT NULL
);


--
-- Name: recommendations_activityembedding_id_seq; Type: SEQUENCE; Schema: public; Owner: -
--

ALTER TABLE public.recommendations_activityembedding ALTER COLUMN id ADD GENERATED BY DEFAULT AS IDENTITY (
    SEQUENCE NAME public.recommendations_activityembedding_id_seq
    START WITH 1
    INCREMENT BY 1
    NO MINVALUE
    NO MAXVALUE
    CACHE 1
);


--
-- Name: recommendations_topicpreference; Type: TABLE; Schema: public; Owner: -
--

CREATE TABLE public.recommendations_topicpreference (
    id bigint NOT NULL,
    created_at timestamp with time zone NOT NULL,
    category_id bigint NOT NULL,
    user_id bigint NOT NULL
);


--
-- Name: recommendations_topicpreference_id_seq; Type: SEQUENCE; Schema: public; Owner: -
--

ALTER TABLE public.recommendations_topicpreference ALTER COLUMN id ADD GENERATED BY DEFAULT AS IDENTITY (
    SEQUENCE NAME public.recommendations_topicpreference_id_seq
    START WITH 1
    INCREMENT BY 1
    NO MINVALUE
    NO MAXVALUE
    CACHE 1
);


--
-- Name: recommendations_userinterest; Type: TABLE; Schema: public; Owner: -
--

CREATE TABLE public.recommendations_userinterest (
    id bigint NOT NULL,
    created_at timestamp with time zone NOT NULL,
    activity_type_id bigint NOT NULL,
    user_id bigint NOT NULL
);


--
-- Name: recommendations_userinterest_id_seq; Type: SEQUENCE; Schema: public; Owner: -
--

ALTER TABLE public.recommendations_userinterest ALTER COLUMN id ADD GENERATED BY DEFAULT AS IDENTITY (
    SEQUENCE NAME public.recommendations_userinterest_id_seq
    START WITH 1
    INCREMENT BY 1
    NO MINVALUE
    NO MAXVALUE
    CACHE 1
);


--
-- Name: safety_auditlog; Type: TABLE; Schema: public; Owner: -
--

CREATE TABLE public.safety_auditlog (
    id bigint NOT NULL,
    event character varying(64) NOT NULL,
    target_ref character varying(128) NOT NULL,
    data jsonb NOT NULL,
    created_at timestamp with time zone NOT NULL,
    prev_hash character varying(64) NOT NULL,
    hash character varying(64) NOT NULL,
    actor_id bigint,
    actor_ref integer
);


--
-- Name: safety_auditlog_id_seq; Type: SEQUENCE; Schema: public; Owner: -
--

ALTER TABLE public.safety_auditlog ALTER COLUMN id ADD GENERATED BY DEFAULT AS IDENTITY (
    SEQUENCE NAME public.safety_auditlog_id_seq
    START WITH 1
    INCREMENT BY 1
    NO MINVALUE
    NO MAXVALUE
    CACHE 1
);


--
-- Name: safety_authorityreferral; Type: TABLE; Schema: public; Owner: -
--

CREATE TABLE public.safety_authorityreferral (
    id bigint NOT NULL,
    subject_ref uuid NOT NULL,
    reason character varying(24) NOT NULL,
    authority character varying(16) NOT NULL,
    reference character varying(128) NOT NULL,
    audit_anchor_hash character varying(64) NOT NULL,
    notes text NOT NULL,
    created_at timestamp with time zone NOT NULL,
    report_id bigint,
    referred_by_id bigint
);


--
-- Name: safety_authorityreferral_id_seq; Type: SEQUENCE; Schema: public; Owner: -
--

ALTER TABLE public.safety_authorityreferral ALTER COLUMN id ADD GENERATED BY DEFAULT AS IDENTITY (
    SEQUENCE NAME public.safety_authorityreferral_id_seq
    START WITH 1
    INCREMENT BY 1
    NO MINVALUE
    NO MAXVALUE
    CACHE 1
);


--
-- Name: safety_block; Type: TABLE; Schema: public; Owner: -
--

CREATE TABLE public.safety_block (
    id bigint NOT NULL,
    created_at timestamp with time zone NOT NULL,
    blocked_id bigint NOT NULL,
    blocker_id bigint NOT NULL,
    CONSTRAINT block_not_self CHECK ((NOT (blocker_id = blocked_id)))
);


--
-- Name: safety_block_id_seq; Type: SEQUENCE; Schema: public; Owner: -
--

ALTER TABLE public.safety_block ALTER COLUMN id ADD GENERATED BY DEFAULT AS IDENTITY (
    SEQUENCE NAME public.safety_block_id_seq
    START WITH 1
    INCREMENT BY 1
    NO MINVALUE
    NO MAXVALUE
    CACHE 1
);


--
-- Name: safety_moderationaction; Type: TABLE; Schema: public; Owner: -
--

CREATE TABLE public.safety_moderationaction (
    id bigint NOT NULL,
    target_id bigint NOT NULL,
    action character varying(16) NOT NULL,
    reason character varying(24) NOT NULL,
    notes text NOT NULL,
    expires_at timestamp with time zone,
    created_at timestamp with time zone NOT NULL,
    moderator_id bigint,
    target_type_id integer NOT NULL,
    report_id bigint,
    lifted_at timestamp with time zone,
    CONSTRAINT safety_moderationaction_target_id_check CHECK ((target_id >= 0))
);


--
-- Name: safety_moderationaction_id_seq; Type: SEQUENCE; Schema: public; Owner: -
--

ALTER TABLE public.safety_moderationaction ALTER COLUMN id ADD GENERATED BY DEFAULT AS IDENTITY (
    SEQUENCE NAME public.safety_moderationaction_id_seq
    START WITH 1
    INCREMENT BY 1
    NO MINVALUE
    NO MAXVALUE
    CACHE 1
);


--
-- Name: safety_moderationappeal; Type: TABLE; Schema: public; Owner: -
--

CREATE TABLE public.safety_moderationappeal (
    id bigint NOT NULL,
    statement text NOT NULL,
    status character varying(12) NOT NULL,
    decision_notes text NOT NULL,
    decided_at timestamp with time zone,
    created_at timestamp with time zone NOT NULL,
    action_id bigint NOT NULL,
    appellant_id bigint,
    decided_by_id bigint
);


--
-- Name: safety_moderationappeal_id_seq; Type: SEQUENCE; Schema: public; Owner: -
--

ALTER TABLE public.safety_moderationappeal ALTER COLUMN id ADD GENERATED BY DEFAULT AS IDENTITY (
    SEQUENCE NAME public.safety_moderationappeal_id_seq
    START WITH 1
    INCREMENT BY 1
    NO MINVALUE
    NO MAXVALUE
    CACHE 1
);


--
-- Name: safety_report; Type: TABLE; Schema: public; Owner: -
--

CREATE TABLE public.safety_report (
    id bigint NOT NULL,
    target_id bigint NOT NULL,
    reason character varying(24) NOT NULL,
    detail text NOT NULL,
    status character varying(16) NOT NULL,
    handled_at timestamp with time zone,
    resolution text NOT NULL,
    created_at timestamp with time zone NOT NULL,
    handled_by_id bigint,
    reporter_id bigint,
    target_type_id integer NOT NULL,
    CONSTRAINT safety_report_target_id_check CHECK ((target_id >= 0))
);


--
-- Name: safety_report_id_seq; Type: SEQUENCE; Schema: public; Owner: -
--

ALTER TABLE public.safety_report ALTER COLUMN id ADD GENERATED BY DEFAULT AS IDENTITY (
    SEQUENCE NAME public.safety_report_id_seq
    START WITH 1
    INCREMENT BY 1
    NO MINVALUE
    NO MAXVALUE
    CACHE 1
);


--
-- Name: saved_searches_savedsearch; Type: TABLE; Schema: public; Owner: -
--

CREATE TABLE public.saved_searches_savedsearch (
    id bigint NOT NULL,
    cohort character varying(16) NOT NULL,
    beginners boolean NOT NULL,
    cost_band character varying(16) NOT NULL,
    created_at timestamp with time zone NOT NULL,
    activity_type_id bigint,
    area_id bigint,
    category_id bigint,
    user_id bigint NOT NULL,
    coarse_window character varying(16) NOT NULL,
    CONSTRAINT savedsearch_type_xor_category CHECK ((((activity_type_id IS NOT NULL) AND (category_id IS NULL)) OR ((activity_type_id IS NULL) AND (category_id IS NOT NULL))))
);


--
-- Name: saved_searches_savedsearch_id_seq; Type: SEQUENCE; Schema: public; Owner: -
--

ALTER TABLE public.saved_searches_savedsearch ALTER COLUMN id ADD GENERATED BY DEFAULT AS IDENTITY (
    SEQUENCE NAME public.saved_searches_savedsearch_id_seq
    START WITH 1
    INCREMENT BY 1
    NO MINVALUE
    NO MAXVALUE
    CACHE 1
);


--
-- Name: saved_searches_savedsearchgaugematch; Type: TABLE; Schema: public; Owner: -
--

CREATE TABLE public.saved_searches_savedsearchgaugematch (
    id bigint NOT NULL,
    created_at timestamp with time zone NOT NULL,
    interest_id bigint NOT NULL,
    user_id bigint NOT NULL
);


--
-- Name: saved_searches_savedsearchgaugematch_id_seq; Type: SEQUENCE; Schema: public; Owner: -
--

ALTER TABLE public.saved_searches_savedsearchgaugematch ALTER COLUMN id ADD GENERATED BY DEFAULT AS IDENTITY (
    SEQUENCE NAME public.saved_searches_savedsearchgaugematch_id_seq
    START WITH 1
    INCREMENT BY 1
    NO MINVALUE
    NO MAXVALUE
    CACHE 1
);


--
-- Name: saved_searches_savedsearchmatch; Type: TABLE; Schema: public; Owner: -
--

CREATE TABLE public.saved_searches_savedsearchmatch (
    id bigint NOT NULL,
    created_at timestamp with time zone NOT NULL,
    activity_id bigint NOT NULL,
    user_id bigint NOT NULL
);


--
-- Name: saved_searches_savedsearchmatch_id_seq; Type: SEQUENCE; Schema: public; Owner: -
--

ALTER TABLE public.saved_searches_savedsearchmatch ALTER COLUMN id ADD GENERATED BY DEFAULT AS IDENTITY (
    SEQUENCE NAME public.saved_searches_savedsearchmatch_id_seq
    START WITH 1
    INCREMENT BY 1
    NO MINVALUE
    NO MAXVALUE
    CACHE 1
);


--
-- Name: social_activity; Type: TABLE; Schema: public; Owner: -
--

CREATE TABLE public.social_activity (
    id bigint NOT NULL,
    title character varying(200) NOT NULL,
    description text NOT NULL,
    starts_at timestamp with time zone NOT NULL,
    ends_at timestamp with time zone,
    cohort character varying(16) NOT NULL,
    join_threshold double precision NOT NULL,
    owner_can_override boolean NOT NULL,
    capacity integer,
    status character varying(16) NOT NULL,
    created_at timestamp with time zone NOT NULL,
    updated_at timestamp with time zone NOT NULL,
    activity_type_id bigint NOT NULL,
    owner_id bigint NOT NULL,
    place_id bigint NOT NULL,
    guardian_accompanied boolean NOT NULL,
    is_hidden boolean NOT NULL,
    meeting_point text NOT NULL,
    organizer_note text NOT NULL,
    what_to_bring text NOT NULL,
    accessibility_notes text NOT NULL,
    beginners_welcome boolean NOT NULL,
    cost_band character varying(16) NOT NULL,
    difficulty character varying(16) NOT NULL,
    go_confirmed_at timestamp with time zone,
    min_to_go integer,
    series_id bigint,
    supervised boolean NOT NULL,
    getting_home_note text NOT NULL,
    first_time_note text NOT NULL,
    fallback_starts_at timestamp with time zone,
    fallback_meeting_point text NOT NULL,
    is_publicly_listed boolean NOT NULL,
    CONSTRAINT activity_threshold_fraction CHECK (((join_threshold > (0.0)::double precision) AND (join_threshold <= (1.0)::double precision))),
    CONSTRAINT social_activity_capacity_check CHECK ((capacity >= 0)),
    CONSTRAINT social_activity_min_to_go_check CHECK ((min_to_go >= 0))
);


--
-- Name: social_activity_id_seq; Type: SEQUENCE; Schema: public; Owner: -
--

ALTER TABLE public.social_activity ALTER COLUMN id ADD GENERATED BY DEFAULT AS IDENTITY (
    SEQUENCE NAME public.social_activity_id_seq
    START WITH 1
    INCREMENT BY 1
    NO MINVALUE
    NO MAXVALUE
    CACHE 1
);


--
-- Name: social_activityinterest; Type: TABLE; Schema: public; Owner: -
--

CREATE TABLE public.social_activityinterest (
    id bigint NOT NULL,
    cohort character varying(16) NOT NULL,
    coarse_window character varying(16) NOT NULL,
    expires_at timestamp with time zone NOT NULL,
    created_at timestamp with time zone NOT NULL,
    updated_at timestamp with time zone NOT NULL,
    activity_type_id bigint NOT NULL,
    converted_activity_id bigint,
    place_id bigint NOT NULL,
    proposer_id bigint NOT NULL
);


--
-- Name: social_activityinterest_id_seq; Type: SEQUENCE; Schema: public; Owner: -
--

ALTER TABLE public.social_activityinterest ALTER COLUMN id ADD GENERATED BY DEFAULT AS IDENTITY (
    SEQUENCE NAME public.social_activityinterest_id_seq
    START WITH 1
    INCREMENT BY 1
    NO MINVALUE
    NO MAXVALUE
    CACHE 1
);


--
-- Name: social_activityinterest_interested_users; Type: TABLE; Schema: public; Owner: -
--

CREATE TABLE public.social_activityinterest_interested_users (
    id bigint NOT NULL,
    activityinterest_id bigint NOT NULL,
    user_id bigint NOT NULL
);


--
-- Name: social_activityinterest_interested_users_id_seq; Type: SEQUENCE; Schema: public; Owner: -
--

ALTER TABLE public.social_activityinterest_interested_users ALTER COLUMN id ADD GENERATED BY DEFAULT AS IDENTITY (
    SEQUENCE NAME public.social_activityinterest_interested_users_id_seq
    START WITH 1
    INCREMENT BY 1
    NO MINVALUE
    NO MAXVALUE
    CACHE 1
);


--
-- Name: social_activityseries; Type: TABLE; Schema: public; Owner: -
--

CREATE TABLE public.social_activityseries (
    id bigint NOT NULL,
    cohort character varying(16) NOT NULL,
    title character varying(200) NOT NULL,
    description text NOT NULL,
    meeting_point text NOT NULL,
    what_to_bring text NOT NULL,
    organizer_note text NOT NULL,
    accessibility_notes text NOT NULL,
    cost_band character varying(16) NOT NULL,
    difficulty character varying(16) NOT NULL,
    capacity integer,
    min_to_go integer,
    join_threshold double precision NOT NULL,
    guardian_accompanied boolean NOT NULL,
    beginners_welcome boolean NOT NULL,
    cadence character varying(16) NOT NULL,
    next_starts_at timestamp with time zone NOT NULL,
    anchor_day smallint NOT NULL,
    duration_minutes integer,
    status character varying(16) NOT NULL,
    created_at timestamp with time zone NOT NULL,
    updated_at timestamp with time zone NOT NULL,
    activity_type_id bigint NOT NULL,
    owner_id bigint NOT NULL,
    place_id bigint NOT NULL,
    supervised boolean NOT NULL,
    getting_home_note text NOT NULL,
    next_instance_note character varying(500) NOT NULL,
    CONSTRAINT series_threshold_fraction CHECK (((join_threshold > (0.0)::double precision) AND (join_threshold <= (1.0)::double precision))),
    CONSTRAINT social_activityseries_anchor_day_check CHECK ((anchor_day >= 0)),
    CONSTRAINT social_activityseries_capacity_check CHECK ((capacity >= 0)),
    CONSTRAINT social_activityseries_duration_minutes_check CHECK ((duration_minutes >= 0)),
    CONSTRAINT social_activityseries_min_to_go_check CHECK ((min_to_go >= 0))
);


--
-- Name: social_activityseries_id_seq; Type: SEQUENCE; Schema: public; Owner: -
--

ALTER TABLE public.social_activityseries ALTER COLUMN id ADD GENERATED BY DEFAULT AS IDENTITY (
    SEQUENCE NAME public.social_activityseries_id_seq
    START WITH 1
    INCREMENT BY 1
    NO MINVALUE
    NO MAXVALUE
    CACHE 1
);


--
-- Name: social_group; Type: TABLE; Schema: public; Owner: -
--

CREATE TABLE public.social_group (
    id bigint NOT NULL,
    tier character varying(8) NOT NULL,
    cohort character varying(16) NOT NULL,
    title character varying(200) NOT NULL,
    description text NOT NULL,
    status character varying(16) NOT NULL,
    is_hidden boolean NOT NULL,
    is_staff_curated boolean NOT NULL,
    created_at timestamp with time zone NOT NULL,
    updated_at timestamp with time zone NOT NULL,
    activity_type_id bigint,
    area_id bigint NOT NULL,
    category_id bigint NOT NULL,
    owner_id bigint NOT NULL,
    is_publicly_listed boolean NOT NULL,
    CONSTRAINT group_tier_matches_type CHECK ((((activity_type_id IS NOT NULL) AND ((tier)::text = 'type'::text)) OR ((activity_type_id IS NULL) AND ((tier)::text = 'category'::text))))
);


--
-- Name: social_group_id_seq; Type: SEQUENCE; Schema: public; Owner: -
--

ALTER TABLE public.social_group ALTER COLUMN id ADD GENERATED BY DEFAULT AS IDENTITY (
    SEQUENCE NAME public.social_group_id_seq
    START WITH 1
    INCREMENT BY 1
    NO MINVALUE
    NO MAXVALUE
    CACHE 1
);


--
-- Name: social_groupmembership; Type: TABLE; Schema: public; Owner: -
--

CREATE TABLE public.social_groupmembership (
    id bigint NOT NULL,
    role character varying(16) NOT NULL,
    state character varying(16) NOT NULL,
    joined_at timestamp with time zone NOT NULL,
    group_id bigint NOT NULL,
    user_id bigint NOT NULL
);


--
-- Name: social_groupmembership_id_seq; Type: SEQUENCE; Schema: public; Owner: -
--

ALTER TABLE public.social_groupmembership ALTER COLUMN id ADD GENERATED BY DEFAULT AS IDENTITY (
    SEQUENCE NAME public.social_groupmembership_id_seq
    START WITH 1
    INCREMENT BY 1
    NO MINVALUE
    NO MAXVALUE
    CACHE 1
);


--
-- Name: social_joinvote; Type: TABLE; Schema: public; Owner: -
--

CREATE TABLE public.social_joinvote (
    id bigint NOT NULL,
    approve boolean NOT NULL,
    created_at timestamp with time zone NOT NULL,
    voter_id bigint NOT NULL,
    membership_id bigint NOT NULL
);


--
-- Name: social_joinvote_id_seq; Type: SEQUENCE; Schema: public; Owner: -
--

ALTER TABLE public.social_joinvote ALTER COLUMN id ADD GENERATED BY DEFAULT AS IDENTITY (
    SEQUENCE NAME public.social_joinvote_id_seq
    START WITH 1
    INCREMENT BY 1
    NO MINVALUE
    NO MAXVALUE
    CACHE 1
);


--
-- Name: social_membership; Type: TABLE; Schema: public; Owner: -
--

CREATE TABLE public.social_membership (
    id bigint NOT NULL,
    role character varying(16) NOT NULL,
    state character varying(16) NOT NULL,
    created_at timestamp with time zone NOT NULL,
    updated_at timestamp with time zone NOT NULL,
    decided_at timestamp with time zone,
    activity_id bigint NOT NULL,
    user_id bigint NOT NULL,
    arrived_at timestamp with time zone,
    attendance_intent character varying(16) NOT NULL,
    met_confirmed_at timestamp with time zone,
    welcomed_at timestamp with time zone,
    transit_status character varying(16) NOT NULL,
    departing_at timestamp with time zone,
    brings_support_person boolean NOT NULL
);


--
-- Name: social_membership_id_seq; Type: SEQUENCE; Schema: public; Owner: -
--

ALTER TABLE public.social_membership ALTER COLUMN id ADD GENERATED BY DEFAULT AS IDENTITY (
    SEQUENCE NAME public.social_membership_id_seq
    START WITH 1
    INCREMENT BY 1
    NO MINVALUE
    NO MAXVALUE
    CACHE 1
);


--
-- Name: social_placeconfirmation; Type: TABLE; Schema: public; Owner: -
--

CREATE TABLE public.social_placeconfirmation (
    id bigint NOT NULL,
    created_at timestamp with time zone NOT NULL,
    user_id bigint NOT NULL,
    proposal_id bigint NOT NULL
);


--
-- Name: social_placeconfirmation_id_seq; Type: SEQUENCE; Schema: public; Owner: -
--

ALTER TABLE public.social_placeconfirmation ALTER COLUMN id ADD GENERATED BY DEFAULT AS IDENTITY (
    SEQUENCE NAME public.social_placeconfirmation_id_seq
    START WITH 1
    INCREMENT BY 1
    NO MINVALUE
    NO MAXVALUE
    CACHE 1
);


--
-- Name: social_post; Type: TABLE; Schema: public; Owner: -
--

CREATE TABLE public.social_post (
    id bigint NOT NULL,
    body text NOT NULL,
    created_at timestamp with time zone NOT NULL,
    updated_at timestamp with time zone NOT NULL,
    author_id bigint NOT NULL,
    thread_id bigint NOT NULL,
    is_hidden boolean NOT NULL,
    is_announcement boolean NOT NULL,
    reply_to_id bigint,
    shared_activity_id bigint,
    shared_event_id bigint,
    shared_place_id bigint
);


--
-- Name: social_post_id_seq; Type: SEQUENCE; Schema: public; Owner: -
--

ALTER TABLE public.social_post ALTER COLUMN id ADD GENERATED BY DEFAULT AS IDENTITY (
    SEQUENCE NAME public.social_post_id_seq
    START WITH 1
    INCREMENT BY 1
    NO MINVALUE
    NO MAXVALUE
    CACHE 1
);


--
-- Name: social_postreaction; Type: TABLE; Schema: public; Owner: -
--

CREATE TABLE public.social_postreaction (
    id bigint NOT NULL,
    emoji character varying(8) NOT NULL,
    created_at timestamp with time zone NOT NULL,
    post_id bigint NOT NULL,
    user_id bigint NOT NULL
);


--
-- Name: social_postreaction_id_seq; Type: SEQUENCE; Schema: public; Owner: -
--

ALTER TABLE public.social_postreaction ALTER COLUMN id ADD GENERATED BY DEFAULT AS IDENTITY (
    SEQUENCE NAME public.social_postreaction_id_seq
    START WITH 1
    INCREMENT BY 1
    NO MINVALUE
    NO MAXVALUE
    CACHE 1
);


--
-- Name: social_thread; Type: TABLE; Schema: public; Owner: -
--

CREATE TABLE public.social_thread (
    id bigint NOT NULL,
    created_at timestamp with time zone NOT NULL,
    activity_id bigint,
    group_id bigint,
    CONSTRAINT thread_exactly_one_owner CHECK ((((activity_id IS NOT NULL) AND (group_id IS NULL)) OR ((activity_id IS NULL) AND (group_id IS NOT NULL))))
);


--
-- Name: social_thread_id_seq; Type: SEQUENCE; Schema: public; Owner: -
--

ALTER TABLE public.social_thread ALTER COLUMN id ADD GENERATED BY DEFAULT AS IDENTITY (
    SEQUENCE NAME public.social_thread_id_seq
    START WITH 1
    INCREMENT BY 1
    NO MINVALUE
    NO MAXVALUE
    CACHE 1
);


--
-- Name: social_userplaceproposal; Type: TABLE; Schema: public; Owner: -
--

CREATE TABLE public.social_userplaceproposal (
    id bigint NOT NULL,
    required_confirmations integer NOT NULL,
    status character varying(16) NOT NULL,
    created_at timestamp with time zone NOT NULL,
    published_at timestamp with time zone,
    place_id bigint NOT NULL,
    proposer_id bigint NOT NULL,
    CONSTRAINT proposal_quorum_positive CHECK ((required_confirmations >= 1)),
    CONSTRAINT social_userplaceproposal_required_confirmations_check CHECK ((required_confirmations >= 0))
);


--
-- Name: social_userplaceproposal_id_seq; Type: SEQUENCE; Schema: public; Owner: -
--

ALTER TABLE public.social_userplaceproposal ALTER COLUMN id ADD GENERATED BY DEFAULT AS IDENTITY (
    SEQUENCE NAME public.social_userplaceproposal_id_seq
    START WITH 1
    INCREMENT BY 1
    NO MINVALUE
    NO MAXVALUE
    CACHE 1
);


--
-- Name: taxonomy_activitycategory; Type: TABLE; Schema: public; Owner: -
--

CREATE TABLE public.taxonomy_activitycategory (
    id bigint NOT NULL,
    slug character varying(64) NOT NULL,
    name character varying(128) NOT NULL,
    description text NOT NULL,
    created_at timestamp with time zone NOT NULL,
    updated_at timestamp with time zone NOT NULL,
    parent_id bigint,
    CONSTRAINT category_not_self_parent CHECK ((NOT ((parent_id = id) AND (parent_id IS NOT NULL))))
);


--
-- Name: taxonomy_activitycategory_id_seq; Type: SEQUENCE; Schema: public; Owner: -
--

ALTER TABLE public.taxonomy_activitycategory ALTER COLUMN id ADD GENERATED BY DEFAULT AS IDENTITY (
    SEQUENCE NAME public.taxonomy_activitycategory_id_seq
    START WITH 1
    INCREMENT BY 1
    NO MINVALUE
    NO MAXVALUE
    CACHE 1
);


--
-- Name: taxonomy_activityrelation; Type: TABLE; Schema: public; Owner: -
--

CREATE TABLE public.taxonomy_activityrelation (
    id bigint NOT NULL,
    kind character varying(16) NOT NULL,
    "symmetric" boolean NOT NULL,
    note character varying(255) NOT NULL,
    source_id bigint NOT NULL,
    target_id bigint NOT NULL,
    CONSTRAINT relation_not_self CHECK ((NOT (source_id = target_id)))
);


--
-- Name: taxonomy_activityrelation_id_seq; Type: SEQUENCE; Schema: public; Owner: -
--

ALTER TABLE public.taxonomy_activityrelation ALTER COLUMN id ADD GENERATED BY DEFAULT AS IDENTITY (
    SEQUENCE NAME public.taxonomy_activityrelation_id_seq
    START WITH 1
    INCREMENT BY 1
    NO MINVALUE
    NO MAXVALUE
    CACHE 1
);


--
-- Name: taxonomy_activitytype; Type: TABLE; Schema: public; Owner: -
--

CREATE TABLE public.taxonomy_activitytype (
    id bigint NOT NULL,
    slug character varying(64) NOT NULL,
    name character varying(128) NOT NULL,
    aliases jsonb NOT NULL,
    is_active boolean NOT NULL,
    created_at timestamp with time zone NOT NULL,
    updated_at timestamp with time zone NOT NULL,
    category_id bigint NOT NULL,
    parent_id bigint,
    family_friendly boolean NOT NULL,
    wellness boolean NOT NULL,
    CONSTRAINT type_not_self_parent CHECK ((NOT ((parent_id = id) AND (parent_id IS NOT NULL))))
);


--
-- Name: taxonomy_activitytype_id_seq; Type: SEQUENCE; Schema: public; Owner: -
--

ALTER TABLE public.taxonomy_activitytype ALTER COLUMN id ADD GENERATED BY DEFAULT AS IDENTITY (
    SEQUENCE NAME public.taxonomy_activitytype_id_seq
    START WITH 1
    INCREMENT BY 1
    NO MINVALUE
    NO MAXVALUE
    CACHE 1
);


--
-- Data for Name: accounts_ageassurance; Type: TABLE DATA; Schema: public; Owner: -
--

COPY public.accounts_ageassurance (id, provider, method, age_band, verified_at, expires_at, raw, user_id, reverify_notice) FROM stdin;
\.


--
-- Data for Name: accounts_bannedidentity; Type: TABLE DATA; Schema: public; Owner: -
--

COPY public.accounts_bannedidentity (id, holder_hash, created_at) FROM stdin;
\.


--
-- Data for Name: accounts_consumedagenonce; Type: TABLE DATA; Schema: public; Owner: -
--

COPY public.accounts_consumedagenonce (id, nonce, created_at) FROM stdin;
\.


--
-- Data for Name: accounts_guardianguardrail; Type: TABLE DATA; Schema: public; Owner: -
--

COPY public.accounts_guardianguardrail (id, supervised_only, latest_start_hour, max_open_joins, created_at, updated_at, relationship_id, allowed_weekdays, earliest_start_hour, allowed_categories) FROM stdin;
\.


--
-- Data for Name: accounts_guardianlinkinvite; Type: TABLE DATA; Schema: public; Owner: -
--

COPY public.accounts_guardianlinkinvite (id, relationship, token, status, created_at, expires_at, responded_at, guardian_id, ward_id) FROM stdin;
\.


--
-- Data for Name: accounts_guardianrelationship; Type: TABLE DATA; Schema: public; Owner: -
--

COPY public.accounts_guardianrelationship (id, relationship, status, created_at, updated_at, consent_id, guardian_id, ward_id) FROM stdin;
\.


--
-- Data for Name: accounts_identitybinding; Type: TABLE DATA; Schema: public; Owner: -
--

COPY public.accounts_identitybinding (id, holder_hash, user_id, created_at, released_at) FROM stdin;
\.


--
-- Data for Name: accounts_parentalconsent; Type: TABLE DATA; Schema: public; Owner: -
--

COPY public.accounts_parentalconsent (id, guardian_identifier, status, scope, granted_at, expires_at, revoked_at, created_at, updated_at, minor_id, renewal_notice) FROM stdin;
\.


--
-- Data for Name: accounts_user; Type: TABLE DATA; Schema: public; Owner: -
--

COPY public.accounts_user (id, password, last_login, is_superuser, public_id, username, display_name, age_band, cohort, is_identity_verified, identity_verified_at, is_active, is_staff, date_joined, role) FROM stdin;
\.


--
-- Data for Name: accounts_user_groups; Type: TABLE DATA; Schema: public; Owner: -
--

COPY public.accounts_user_groups (id, user_id, group_id) FROM stdin;
\.


--
-- Data for Name: accounts_user_user_permissions; Type: TABLE DATA; Schema: public; Owner: -
--

COPY public.accounts_user_user_permissions (id, user_id, permission_id) FROM stdin;
\.


--
-- Data for Name: auth_group; Type: TABLE DATA; Schema: public; Owner: -
--

COPY public.auth_group (id, name) FROM stdin;
\.


--
-- Data for Name: auth_group_permissions; Type: TABLE DATA; Schema: public; Owner: -
--

COPY public.auth_group_permissions (id, group_id, permission_id) FROM stdin;
\.


--
-- Data for Name: auth_permission; Type: TABLE DATA; Schema: public; Owner: -
--

COPY public.auth_permission (id, name, content_type_id, codename) FROM stdin;
1	Can add log entry	1	add_logentry
2	Can change log entry	1	change_logentry
3	Can delete log entry	1	delete_logentry
4	Can view log entry	1	view_logentry
5	Can add permission	2	add_permission
6	Can change permission	2	change_permission
7	Can delete permission	2	delete_permission
8	Can view permission	2	view_permission
9	Can add group	3	add_group
10	Can change group	3	change_group
11	Can delete group	3	delete_group
12	Can view group	3	view_group
13	Can add content type	4	add_contenttype
14	Can change content type	4	change_contenttype
15	Can delete content type	4	delete_contenttype
16	Can view content type	4	view_contenttype
17	Can add session	5	add_session
18	Can change session	5	change_session
19	Can delete session	5	delete_session
20	Can view session	5	view_session
21	Can add Token	6	add_token
22	Can change Token	6	change_token
23	Can delete Token	6	delete_token
24	Can view Token	6	view_token
25	Can add Token	7	add_tokenproxy
26	Can change Token	7	change_tokenproxy
27	Can delete Token	7	delete_tokenproxy
28	Can view Token	7	view_tokenproxy
29	Can add user	8	add_user
30	Can change user	8	change_user
31	Can delete user	8	delete_user
32	Can view user	8	view_user
33	Can add age assurance	9	add_ageassurance
34	Can change age assurance	9	change_ageassurance
35	Can delete age assurance	9	delete_ageassurance
36	Can view age assurance	9	view_ageassurance
37	Can add parental consent	10	add_parentalconsent
38	Can change parental consent	10	change_parentalconsent
39	Can delete parental consent	10	delete_parentalconsent
40	Can view parental consent	10	view_parentalconsent
41	Can add guardian relationship	11	add_guardianrelationship
42	Can change guardian relationship	11	change_guardianrelationship
43	Can delete guardian relationship	11	delete_guardianrelationship
44	Can view guardian relationship	11	view_guardianrelationship
45	Can add guardian link invite	12	add_guardianlinkinvite
46	Can change guardian link invite	12	change_guardianlinkinvite
47	Can delete guardian link invite	12	delete_guardianlinkinvite
48	Can view guardian link invite	12	view_guardianlinkinvite
49	Can add consumed age nonce	13	add_consumedagenonce
50	Can change consumed age nonce	13	change_consumedagenonce
51	Can delete consumed age nonce	13	delete_consumedagenonce
52	Can view consumed age nonce	13	view_consumedagenonce
53	Can add guardian guardrail	14	add_guardianguardrail
54	Can change guardian guardrail	14	change_guardianguardrail
55	Can delete guardian guardrail	14	delete_guardianguardrail
56	Can view guardian guardrail	14	view_guardianguardrail
57	Can add identity binding	15	add_identitybinding
58	Can change identity binding	15	change_identitybinding
59	Can delete identity binding	15	delete_identitybinding
60	Can view identity binding	15	view_identitybinding
61	Can add banned identity	16	add_bannedidentity
62	Can change banned identity	16	change_bannedidentity
63	Can delete banned identity	16	delete_bannedidentity
64	Can view banned identity	16	view_bannedidentity
65	Can add activity category	17	add_activitycategory
66	Can change activity category	17	change_activitycategory
67	Can delete activity category	17	delete_activitycategory
68	Can view activity category	17	view_activitycategory
69	Can add activity type	18	add_activitytype
70	Can change activity type	18	change_activitytype
71	Can delete activity type	18	delete_activitytype
72	Can view activity type	18	view_activitytype
73	Can add activity relation	19	add_activityrelation
74	Can change activity relation	19	change_activityrelation
75	Can delete activity relation	19	delete_activityrelation
76	Can view activity relation	19	view_activityrelation
77	Can add place	20	add_place
78	Can change place	20	change_place
79	Can delete place	20	delete_place
80	Can view place	20	view_place
81	Can add place activity	21	add_placeactivity
82	Can change place activity	21	change_placeactivity
83	Can delete place activity	21	delete_placeactivity
84	Can view place activity	21	view_placeactivity
85	Can add access preference	22	add_accesspreference
86	Can change access preference	22	change_accesspreference
87	Can delete access preference	22	delete_accesspreference
88	Can view access preference	22	view_accesspreference
89	Can add partner	23	add_partner
90	Can change partner	23	change_partner
91	Can delete partner	23	delete_partner
92	Can view partner	23	view_partner
93	Can add activity edge vote	24	add_activityedgevote
94	Can change activity edge vote	24	change_activityedgevote
95	Can delete activity edge vote	24	delete_activityedgevote
96	Can view activity edge vote	24	view_activityedgevote
97	Can add open now report	25	add_opennowreport
98	Can change open now report	25	change_opennowreport
99	Can delete open now report	25	delete_opennowreport
100	Can view open now report	25	view_opennowreport
101	Can add child venue class	26	add_childvenueclass
102	Can change child venue class	26	change_childvenueclass
103	Can delete child venue class	26	delete_childvenueclass
104	Can view child venue class	26	view_childvenueclass
105	Can add approved child venue	27	add_approvedchildvenue
106	Can change approved child venue	27	change_approvedchildvenue
107	Can delete approved child venue	27	delete_approvedchildvenue
108	Can view approved child venue	27	view_approvedchildvenue
109	Can add place fact vote	28	add_placefactvote
110	Can change place fact vote	28	change_placefactvote
111	Can delete place fact vote	28	delete_placefactvote
112	Can view place fact vote	28	view_placefactvote
113	Can add place correction	29	add_placecorrection
114	Can change place correction	29	change_placecorrection
115	Can delete place correction	29	delete_placecorrection
116	Can view place correction	29	view_placecorrection
117	Can add place correction confirmation	30	add_placecorrectionconfirmation
118	Can change place correction confirmation	30	change_placecorrectionconfirmation
119	Can delete place correction confirmation	30	delete_placecorrectionconfirmation
120	Can view place correction confirmation	30	view_placecorrectionconfirmation
121	Can add place closure report	31	add_placeclosurereport
122	Can change place closure report	31	change_placeclosurereport
123	Can delete place closure report	31	delete_placeclosurereport
124	Can view place closure report	31	view_placeclosurereport
125	Can add activity	32	add_activity
126	Can change activity	32	change_activity
127	Can delete activity	32	delete_activity
128	Can view activity	32	view_activity
129	Can add membership	33	add_membership
130	Can change membership	33	change_membership
131	Can delete membership	33	delete_membership
132	Can view membership	33	view_membership
133	Can add join vote	34	add_joinvote
134	Can change join vote	34	change_joinvote
135	Can delete join vote	34	delete_joinvote
136	Can view join vote	34	view_joinvote
137	Can add thread	35	add_thread
138	Can change thread	35	change_thread
139	Can delete thread	35	delete_thread
140	Can view thread	35	view_thread
141	Can add post	36	add_post
142	Can change post	36	change_post
143	Can delete post	36	delete_post
144	Can view post	36	view_post
145	Can add user place proposal	37	add_userplaceproposal
146	Can change user place proposal	37	change_userplaceproposal
147	Can delete user place proposal	37	delete_userplaceproposal
148	Can view user place proposal	37	view_userplaceproposal
149	Can add place confirmation	38	add_placeconfirmation
150	Can change place confirmation	38	change_placeconfirmation
151	Can delete place confirmation	38	delete_placeconfirmation
152	Can view place confirmation	38	view_placeconfirmation
153	Can add post reaction	39	add_postreaction
154	Can change post reaction	39	change_postreaction
155	Can delete post reaction	39	delete_postreaction
156	Can view post reaction	39	view_postreaction
157	Can add group membership	40	add_groupmembership
158	Can change group membership	40	change_groupmembership
159	Can delete group membership	40	delete_groupmembership
160	Can view group membership	40	view_groupmembership
161	Can add group	41	add_group
162	Can change group	41	change_group
163	Can delete group	41	delete_group
164	Can view group	41	view_group
165	Can add activity series	42	add_activityseries
166	Can change activity series	42	change_activityseries
167	Can delete activity series	42	delete_activityseries
168	Can view activity series	42	view_activityseries
169	Can add activity interest	43	add_activityinterest
170	Can change activity interest	43	change_activityinterest
171	Can delete activity interest	43	delete_activityinterest
172	Can view activity interest	43	view_activityinterest
173	Can add audit log	44	add_auditlog
174	Can change audit log	44	change_auditlog
175	Can delete audit log	44	delete_auditlog
176	Can view audit log	44	view_auditlog
177	Can add report	45	add_report
178	Can change report	45	change_report
179	Can delete report	45	delete_report
180	Can view report	45	view_report
181	Can add moderation action	46	add_moderationaction
182	Can change moderation action	46	change_moderationaction
183	Can delete moderation action	46	delete_moderationaction
184	Can view moderation action	46	view_moderationaction
185	Can add block	47	add_block
186	Can change block	47	change_block
187	Can delete block	47	delete_block
188	Can view block	47	view_block
189	Can add authority referral	48	add_authorityreferral
190	Can change authority referral	48	change_authorityreferral
191	Can delete authority referral	48	delete_authorityreferral
192	Can view authority referral	48	view_authorityreferral
193	Can add moderation appeal	49	add_moderationappeal
194	Can change moderation appeal	49	change_moderationappeal
195	Can delete moderation appeal	49	delete_moderationappeal
196	Can view moderation appeal	49	view_moderationappeal
197	Can add conversation	50	add_conversation
198	Can change conversation	50	change_conversation
199	Can delete conversation	50	delete_conversation
200	Can view conversation	50	view_conversation
201	Can add message	51	add_message
202	Can change message	51	change_message
203	Can delete message	51	delete_message
204	Can view message	51	view_message
205	Can add message key	52	add_messagekey
206	Can change message key	52	change_messagekey
207	Can delete message key	52	delete_messagekey
208	Can view message key	52	view_messagekey
209	Can add participant	53	add_participant
210	Can change participant	53	change_participant
211	Can delete participant	53	delete_participant
212	Can view participant	53	view_participant
213	Can add public key	54	add_publickey
214	Can change public key	54	change_publickey
215	Can delete public key	54	delete_publickey
216	Can view public key	54	view_publickey
217	Can add key verification	55	add_keyverification
218	Can change key verification	55	change_keyverification
219	Can delete key verification	55	delete_keyverification
220	Can view key verification	55	view_keyverification
221	Can add place booking info	56	add_placebookinginfo
222	Can change place booking info	56	change_placebookinginfo
223	Can delete place booking info	56	delete_placebookinginfo
224	Can view place booking info	56	view_placebookinginfo
225	Can add booking	57	add_booking
226	Can change booking	57	change_booking
227	Can delete booking	57	delete_booking
228	Can view booking	57	view_booking
229	Can add photo	58	add_photo
230	Can change photo	58	change_photo
231	Can delete photo	58	delete_photo
232	Can view photo	58	view_photo
233	Can add attachment	59	add_attachment
234	Can change attachment	59	change_attachment
235	Can delete attachment	59	delete_attachment
236	Can view attachment	59	view_attachment
237	Can add activity cover	60	add_activitycover
238	Can change activity cover	60	change_activitycover
239	Can delete activity cover	60	delete_activitycover
240	Can view activity cover	60	view_activitycover
241	Can add donation	61	add_donation
242	Can change donation	61	change_donation
243	Can delete donation	61	delete_donation
244	Can view donation	61	view_donation
245	Can add spend entry	62	add_spendentry
246	Can change spend entry	62	change_spendentry
247	Can delete spend entry	62	delete_spendentry
248	Can view spend entry	62	view_spendentry
249	Can add campaign	63	add_campaign
250	Can change campaign	63	change_campaign
251	Can delete campaign	63	delete_campaign
252	Can view campaign	63	view_campaign
253	Can add cost anchor	64	add_costanchor
254	Can change cost anchor	64	change_costanchor
255	Can delete cost anchor	64	delete_costanchor
256	Can view cost anchor	64	view_costanchor
257	Can add in kind contribution	65	add_inkindcontribution
258	Can change in kind contribution	65	change_inkindcontribution
259	Can delete in kind contribution	65	delete_inkindcontribution
260	Can view in kind contribution	65	view_inkindcontribution
261	Can add civic outcome	66	add_civicoutcome
262	Can change civic outcome	66	change_civicoutcome
263	Can delete civic outcome	66	delete_civicoutcome
264	Can view civic outcome	66	view_civicoutcome
265	Can add deferred task	67	add_deferredtask
266	Can change deferred task	67	change_deferredtask
267	Can delete deferred task	67	delete_deferredtask
268	Can view deferred task	67	view_deferredtask
269	Can add event	68	add_event
270	Can change event	68	change_event
271	Can delete event	68	delete_event
272	Can view event	68	view_event
273	Can add event feed	69	add_eventfeed
274	Can change event feed	69	change_eventfeed
275	Can delete event feed	69	delete_eventfeed
276	Can view event feed	69	view_eventfeed
277	Can add event report	70	add_eventreport
278	Can change event report	70	change_eventreport
279	Can delete event report	70	delete_eventreport
280	Can view event report	70	view_eventreport
281	Can add notification	71	add_notification
282	Can change notification	71	change_notification
283	Can delete notification	71	delete_notification
284	Can view notification	71	view_notification
285	Can add notification preference	72	add_notificationpreference
286	Can change notification preference	72	change_notificationpreference
287	Can delete notification preference	72	delete_notificationpreference
288	Can view notification preference	72	view_notificationpreference
289	Can add activity embedding	73	add_activityembedding
290	Can change activity embedding	73	change_activityembedding
291	Can delete activity embedding	73	delete_activityembedding
292	Can view activity embedding	73	view_activityembedding
293	Can add user interest	74	add_userinterest
294	Can change user interest	74	change_userinterest
295	Can delete user interest	74	delete_userinterest
296	Can view user interest	74	view_userinterest
297	Can add topic preference	75	add_topicpreference
298	Can change topic preference	75	change_topicpreference
299	Can delete topic preference	75	delete_topicpreference
300	Can view topic preference	75	view_topicpreference
301	Can add connection	76	add_connection
302	Can change connection	76	change_connection
303	Can delete connection	76	delete_connection
304	Can view connection	76	view_connection
305	Can add area	77	add_area
306	Can change area	77	change_area
307	Can delete area	77	delete_area
308	Can view area	77	view_area
309	Can add community	78	add_community
310	Can change community	78	change_community
311	Can delete community	78	delete_community
312	Can view community	78	view_community
313	Can add saved search	79	add_savedsearch
314	Can change saved search	79	change_savedsearch
315	Can delete saved search	79	delete_savedsearch
316	Can view saved search	79	view_savedsearch
317	Can add saved search match	80	add_savedsearchmatch
318	Can change saved search match	80	change_savedsearchmatch
319	Can delete saved search match	80	delete_savedsearchmatch
320	Can view saved search match	80	view_savedsearchmatch
321	Can add saved search gauge match	81	add_savedsearchgaugematch
322	Can change saved search gauge match	81	change_savedsearchgaugematch
323	Can delete saved search gauge match	81	delete_savedsearchgaugematch
324	Can view saved search gauge match	81	view_savedsearchgaugematch
\.


--
-- Data for Name: authtoken_token; Type: TABLE DATA; Schema: public; Owner: -
--

COPY public.authtoken_token (key, created, user_id) FROM stdin;
\.


--
-- Data for Name: booking_booking; Type: TABLE DATA; Schema: public; Owner: -
--

COPY public.booking_booking (id, provider, external_ref, status, starts_at, ends_at, party_size, deep_link, created_at, updated_at, activity_id, place_id, user_id) FROM stdin;
\.


--
-- Data for Name: booking_placebookinginfo; Type: TABLE DATA; Schema: public; Owner: -
--

COPY public.booking_placebookinginfo (id, provider, deep_link, instructions, provider_place_ref, created_at, updated_at, place_id) FROM stdin;
\.


--
-- Data for Name: communities_area; Type: TABLE DATA; Schema: public; Owner: -
--

COPY public.communities_area (id, city, slug, name, derive_method, min_radius_m, is_active, created_at) FROM stdin;
\.


--
-- Data for Name: communities_community; Type: TABLE DATA; Schema: public; Owner: -
--

COPY public.communities_community (id, cohort, tier, slug, name, is_published, last_evaluated_at, created_at, activity_type_id, area_id, category_id) FROM stdin;
\.


--
-- Data for Name: connections_connection; Type: TABLE DATA; Schema: public; Owner: -
--

COPY public.connections_connection (id, status, created_at, decided_at, addressee_id, requester_id) FROM stdin;
\.


--
-- Data for Name: django_admin_log; Type: TABLE DATA; Schema: public; Owner: -
--

COPY public.django_admin_log (id, action_time, object_id, object_repr, action_flag, change_message, content_type_id, user_id) FROM stdin;
\.


--
-- Data for Name: django_content_type; Type: TABLE DATA; Schema: public; Owner: -
--

COPY public.django_content_type (id, app_label, model) FROM stdin;
1	admin	logentry
2	auth	permission
3	auth	group
4	contenttypes	contenttype
5	sessions	session
6	authtoken	token
7	authtoken	tokenproxy
8	accounts	user
9	accounts	ageassurance
10	accounts	parentalconsent
11	accounts	guardianrelationship
12	accounts	guardianlinkinvite
13	accounts	consumedagenonce
14	accounts	guardianguardrail
15	accounts	identitybinding
16	accounts	bannedidentity
17	taxonomy	activitycategory
18	taxonomy	activitytype
19	taxonomy	activityrelation
20	places	place
21	places	placeactivity
22	places	accesspreference
23	places	partner
24	places	activityedgevote
25	places	opennowreport
26	places	childvenueclass
27	places	approvedchildvenue
28	places	placefactvote
29	places	placecorrection
30	places	placecorrectionconfirmation
31	places	placeclosurereport
32	social	activity
33	social	membership
34	social	joinvote
35	social	thread
36	social	post
37	social	userplaceproposal
38	social	placeconfirmation
39	social	postreaction
40	social	groupmembership
41	social	group
42	social	activityseries
43	social	activityinterest
44	safety	auditlog
45	safety	report
46	safety	moderationaction
47	safety	block
48	safety	authorityreferral
49	safety	moderationappeal
50	messaging	conversation
51	messaging	message
52	messaging	messagekey
53	messaging	participant
54	messaging	publickey
55	messaging	keyverification
56	booking	placebookinginfo
57	booking	booking
58	media	photo
59	media	attachment
60	media	activitycover
61	donations	donation
62	donations	spendentry
63	donations	campaign
64	donations	costanchor
65	donations	inkindcontribution
66	donations	civicoutcome
67	ops	deferredtask
68	events	event
69	events	eventfeed
70	events	eventreport
71	notifications	notification
72	notifications	notificationpreference
73	recommendations	activityembedding
74	recommendations	userinterest
75	recommendations	topicpreference
76	connections	connection
77	communities	area
78	communities	community
79	saved_searches	savedsearch
80	saved_searches	savedsearchmatch
81	saved_searches	savedsearchgaugematch
\.


--
-- Data for Name: django_migrations; Type: TABLE DATA; Schema: public; Owner: -
--

COPY public.django_migrations (id, app, name, applied) FROM stdin;
1	contenttypes	0001_initial	2026-07-06 11:26:59.570136+00
2	contenttypes	0002_remove_content_type_name	2026-07-06 11:26:59.574497+00
3	auth	0001_initial	2026-07-06 11:26:59.59886+00
4	auth	0002_alter_permission_name_max_length	2026-07-06 11:26:59.601738+00
5	auth	0003_alter_user_email_max_length	2026-07-06 11:26:59.604465+00
6	auth	0004_alter_user_username_opts	2026-07-06 11:26:59.607315+00
7	auth	0005_alter_user_last_login_null	2026-07-06 11:26:59.61015+00
8	auth	0006_require_contenttypes_0002	2026-07-06 11:26:59.61124+00
9	auth	0007_alter_validators_add_error_messages	2026-07-06 11:26:59.613977+00
10	auth	0008_alter_user_username_max_length	2026-07-06 11:26:59.617263+00
11	auth	0009_alter_user_last_name_max_length	2026-07-06 11:26:59.619828+00
12	auth	0010_alter_group_name_max_length	2026-07-06 11:26:59.623146+00
13	auth	0011_update_proxy_permissions	2026-07-06 11:26:59.626495+00
14	auth	0012_alter_user_first_name_max_length	2026-07-06 11:26:59.629266+00
15	accounts	0001_initial	2026-07-06 11:26:59.674833+00
16	accounts	0002_user_role_guardianrelationship	2026-07-06 11:26:59.697005+00
17	accounts	0003_guardianlinkinvite	2026-07-06 11:26:59.715755+00
18	accounts	0004_consumedagenonce	2026-07-06 11:26:59.723031+00
19	accounts	0005_ageassurance_reverify_notice	2026-07-06 11:26:59.729046+00
20	accounts	0006_user_accounts_us_cohort_ff510e_idx	2026-07-06 11:26:59.736607+00
21	accounts	0007_guardianguardrail	2026-07-06 11:26:59.74732+00
22	accounts	0008_guardianguardrail_allowed_weekdays_and_more	2026-07-06 11:26:59.754233+00
23	accounts	0009_guardianguardrail_allowed_categories	2026-07-06 11:26:59.761729+00
24	accounts	0010_parentalconsent_renewal_notice	2026-07-06 11:26:59.797256+00
25	accounts	0011_identitybinding	2026-07-06 11:26:59.813098+00
26	accounts	0012_bannedidentity	2026-07-06 11:26:59.82003+00
27	admin	0001_initial	2026-07-06 11:26:59.835692+00
28	admin	0002_logentry_remove_auto_add	2026-07-06 11:26:59.841263+00
29	admin	0003_logentry_add_action_flag_choices	2026-07-06 11:26:59.847661+00
30	authtoken	0001_initial	2026-07-06 11:26:59.861319+00
31	authtoken	0002_auto_20160226_1747	2026-07-06 11:26:59.882266+00
32	authtoken	0003_tokenproxy	2026-07-06 11:26:59.884273+00
33	authtoken	0004_alter_tokenproxy_options	2026-07-06 11:26:59.886817+00
34	taxonomy	0001_initial	2026-07-06 11:26:59.931196+00
35	taxonomy	0002_seed_taxonomy	2026-07-06 11:26:59.958577+00
36	places	0001_initial	2026-07-06 11:27:00.014029+00
37	social	0001_initial	2026-07-06 11:27:00.231758+00
38	booking	0001_initial	2026-07-06 11:27:00.277867+00
39	social	0002_activity_guardian_accompanied_alter_membership_role	2026-07-06 11:27:00.34147+00
40	social	0003_activity_is_hidden_post_is_hidden	2026-07-06 11:27:00.362419+00
41	social	0004_post_is_announcement	2026-07-06 11:27:00.372213+00
42	social	0005_activity_meeting_point_activity_organizer_note_and_more	2026-07-06 11:27:00.426194+00
43	social	0006_membership_met_confirmed_at	2026-07-06 11:27:00.437283+00
44	social	0007_activity_accessibility_notes_and_more	2026-07-06 11:27:00.48341+00
45	social	0008_membership_welcomed_at	2026-07-06 11:27:00.495864+00
46	social	0009_post_reply_to_post_social_post_thread__6db79a_idx	2026-07-06 11:27:00.523885+00
47	chat	0001_initial	2026-07-06 11:27:00.548989+00
48	chat	0002_backfill_chatmessage_to_post	2026-07-06 11:27:00.564982+00
49	chat	0003_delete_chatmessage	2026-07-06 11:27:00.56749+00
50	taxonomy	0003_activitytype_family_friendly_activitytype_wellness	2026-07-06 11:27:00.577376+00
51	taxonomy	0004_seed_activities_v2	2026-07-06 11:27:00.625836+00
52	taxonomy	0005_seed_reading_archives	2026-07-06 11:27:00.647207+00
53	communities	0001_initial	2026-07-06 11:27:00.690361+00
54	connections	0001_initial	2026-07-06 11:27:00.768735+00
55	places	0002_place_phone_place_website	2026-07-06 11:27:00.781103+00
56	places	0003_accesspreference	2026-07-06 11:27:00.802039+00
57	places	0004_partner	2026-07-06 11:27:00.826956+00
58	places	0005_placeactivity_is_disputed_activityedgevote_and_more	2026-07-06 11:27:00.885821+00
59	places	0006_childvenueclass_approvedchildvenue	2026-07-06 11:27:00.916884+00
60	places	0007_seed_child_venue_classes	2026-07-06 11:27:00.943359+00
61	places	0008_placefactvote	2026-07-06 11:27:00.971377+00
62	places	0009_placecorrection_placecorrectionconfirmation_and_more	2026-07-06 11:27:01.078417+00
63	places	0010_accesspreference_needs_hearing_loop	2026-07-06 11:27:01.091564+00
64	places	0011_alter_placefactvote_fact_key	2026-07-06 11:27:01.106407+00
65	places	0012_placeclosurereport	2026-07-06 11:27:01.136776+00
66	places	0013_alter_placecorrection_field	2026-07-06 11:27:01.207893+00
67	donations	0001_initial	2026-07-06 11:27:01.237623+00
68	donations	0002_donation_recurring	2026-07-06 11:27:01.250887+00
69	donations	0003_spendentry	2026-07-06 11:27:01.255383+00
70	donations	0004_campaign_donation_campaign_and_more	2026-07-06 11:27:01.301438+00
71	donations	0005_campaign_partner	2026-07-06 11:27:01.323828+00
72	donations	0006_campaign_closed_at_campaign_outcome_and_more	2026-07-06 11:27:01.352948+00
73	donations	0007_costanchor	2026-07-06 11:27:01.357766+00
74	donations	0008_inkindcontribution	2026-07-06 11:27:01.384472+00
75	donations	0009_civicoutcome	2026-07-06 11:27:01.411945+00
76	events	0001_initial	2026-07-06 11:27:01.446962+00
77	events	0002_event_event_title_trgm_event_event_desc_trgm	2026-07-06 11:27:01.475117+00
78	events	0003_eventfeed	2026-07-06 11:27:01.504207+00
79	events	0004_remove_event_event_title_trgm_and_more	2026-07-06 11:27:01.541154+00
80	events	0005_eventreport	2026-07-06 11:27:01.572683+00
81	events	0006_alter_event_source	2026-07-06 11:27:01.583779+00
82	events	0007_event_attribution_fields	2026-07-06 11:27:01.67609+00
83	social	0010_activity_social_acti_cohort_f4b41e_idx_and_more	2026-07-06 11:27:01.715826+00
84	social	0011_postreaction	2026-07-06 11:27:01.74849+00
85	social	0012_groupmembership_alter_thread_activity_group_and_more	2026-07-06 11:27:02.110887+00
86	social	0013_activity_go_confirmed_at_activity_min_to_go	2026-07-06 11:27:02.152597+00
87	social	0014_alter_membership_role	2026-07-06 11:27:02.175308+00
88	social	0015_activityseries_activity_series_and_more	2026-07-06 11:27:02.380088+00
89	social	0016_activity_activity_title_trgm_and_more	2026-07-06 11:27:02.422572+00
90	social	0017_post_shared_activity_post_shared_event_and_more	2026-07-06 11:27:02.498444+00
91	social	0018_remove_activity_activity_title_trgm_and_more	2026-07-06 11:27:02.576921+00
92	social	0019_activity_supervised	2026-07-06 11:27:02.599065+00
93	social	0020_activityseries_supervised	2026-07-06 11:27:02.625786+00
94	social	0021_activity_getting_home_note_and_more	2026-07-06 11:27:02.725189+00
95	social	0022_activityinterest	2026-07-06 11:27:02.773116+00
96	social	0023_activity_first_time_note	2026-07-06 11:27:02.79527+00
97	social	0024_membership_transit_status	2026-07-06 11:27:02.814638+00
98	social	0025_activity_fallback_starts_at	2026-07-06 11:27:02.836123+00
99	social	0026_activityseries_next_instance_note	2026-07-06 11:27:02.858775+00
100	social	0027_activity_fallback_meeting_point	2026-07-06 11:27:02.881149+00
101	social	0028_membership_departing_at	2026-07-06 11:27:02.900014+00
102	social	0029_membership_brings_support_person	2026-07-06 11:27:02.917884+00
103	social	0030_activity_group_public_listing	2026-07-06 11:27:02.960426+00
104	social	0031_alter_activity_is_publicly_listed_and_more	2026-07-06 11:27:03.077824+00
105	media	0001_initial	2026-07-06 11:27:03.115911+00
106	media	0002_attachment	2026-07-06 11:27:03.150733+00
107	media	0003_attachment_expires_at_attachment_purged_at_and_more	2026-07-06 11:27:03.210037+00
108	media	0004_photo_phash	2026-07-06 11:27:03.229422+00
109	media	0005_activitycover	2026-07-06 11:27:03.283515+00
110	media	0006_rename_media_activ_activity_6b122c_idx_media_activ_activit_43933a_idx	2026-07-06 11:27:03.303673+00
111	messaging	0001_initial	2026-07-06 11:27:03.715112+00
112	messaging	0002_keyverification	2026-07-06 11:27:03.811896+00
113	messaging	0003_conversation_disappearing_seconds	2026-07-06 11:27:03.833719+00
114	messaging	0004_alter_participant_role	2026-07-06 11:27:03.853768+00
115	notifications	0001_initial	2026-07-06 11:27:03.893825+00
116	notifications	0002_alter_notification_kind	2026-07-06 11:27:03.915078+00
117	notifications	0003_alter_notification_kind	2026-07-06 11:27:03.936172+00
118	notifications	0004_notificationpreference	2026-07-06 11:27:03.972862+00
119	notifications	0005_alter_notification_kind	2026-07-06 11:27:03.994266+00
120	notifications	0006_alter_notification_kind	2026-07-06 11:27:04.015073+00
121	notifications	0007_alter_notification_kind	2026-07-06 11:27:04.036322+00
122	notifications	0008_alter_notification_kind	2026-07-06 11:27:04.057933+00
123	notifications	0009_alter_notification_kind	2026-07-06 11:27:04.134563+00
124	notifications	0010_alter_notification_kind	2026-07-06 11:27:04.156751+00
125	notifications	0011_alter_notification_kind	2026-07-06 11:27:04.178692+00
126	notifications	0012_alter_notification_kind	2026-07-06 11:27:04.201323+00
127	notifications	0013_alter_notification_kind	2026-07-06 11:27:04.227556+00
128	notifications	0014_alter_notification_kind	2026-07-06 11:27:04.251218+00
129	notifications	0015_alter_notification_kind	2026-07-06 11:27:04.273761+00
130	notifications	0016_alter_notification_kind	2026-07-06 11:27:04.295861+00
131	notifications	0017_notif_recipient_created_idx	2026-07-06 11:27:04.323748+00
132	ops	0001_initial	2026-07-06 11:27:04.344103+00
133	places	0014_place_attribution_fields	2026-07-06 11:27:04.395627+00
134	taxonomy	0006_seed_ro_aliases	2026-07-06 11:27:04.434021+00
135	recommendations	0001_initial	2026-07-06 11:28:07.331047+00
136	recommendations	0002_activityembedding_actemb_vector_hnsw	2026-07-06 11:28:07.342293+00
137	recommendations	0003_topicpreference	2026-07-06 11:28:07.386685+00
138	safety	0001_initial	2026-07-06 11:28:07.680575+00
139	safety	0002_moderationaction_lifted_at_and_more	2026-07-06 11:28:07.731692+00
140	safety	0003_block_safety_bloc_blocked_26e97c_idx	2026-07-06 11:28:07.758049+00
141	safety	0004_auditlog_actor_ref	2026-07-06 11:28:07.812313+00
142	safety	0005_auditlog_safety_audit_actor_id_idx	2026-07-06 11:28:07.838013+00
143	safety	0006_authorityreferral_timed_ban	2026-07-06 11:28:07.925197+00
144	safety	0007_moderationappeal	2026-07-06 11:28:08.02603+00
145	saved_searches	0001_initial	2026-07-06 11:28:08.110499+00
146	saved_searches	0002_savedsearch_coarse_window	2026-07-06 11:28:08.140621+00
147	saved_searches	0003_savedsearchgaugematch	2026-07-06 11:28:08.182723+00
148	sessions	0001_initial	2026-07-06 11:28:08.192796+00
\.


--
-- Data for Name: django_session; Type: TABLE DATA; Schema: public; Owner: -
--

COPY public.django_session (session_key, session_data, expire_date) FROM stdin;
\.


--
-- Data for Name: donations_campaign; Type: TABLE DATA; Schema: public; Owner: -
--

COPY public.donations_campaign (id, title, slug, description, goal_cents, currency, is_active, created, partner_id, closed_at, outcome) FROM stdin;
\.


--
-- Data for Name: donations_civicoutcome; Type: TABLE DATA; Schema: public; Owner: -
--

COPY public.donations_civicoutcome (id, headline, detail, period, is_active, created_at, partner_id) FROM stdin;
\.


--
-- Data for Name: donations_costanchor; Type: TABLE DATA; Schema: public; Owner: -
--

COPY public.donations_costanchor (id, label, amount_cents, currency, spend_category, is_active, created_at) FROM stdin;
\.


--
-- Data for Name: donations_donation; Type: TABLE DATA; Schema: public; Owner: -
--

COPY public.donations_donation (id, amount_cents, currency, provider, status, external_ref, created_at, completed_at, donor_id, recurring, campaign_id) FROM stdin;
\.


--
-- Data for Name: donations_inkindcontribution; Type: TABLE DATA; Schema: public; Owner: -
--

COPY public.donations_inkindcontribution (id, category, quantity, unit_text, value_cents, currency, period, note, partner_id, created_at) FROM stdin;
\.


--
-- Data for Name: donations_spendentry; Type: TABLE DATA; Schema: public; Owner: -
--

COPY public.donations_spendentry (id, category, amount_cents, currency, period, note, created_at, campaign_id) FROM stdin;
\.


--
-- Data for Name: events_event; Type: TABLE DATA; Schema: public; Owner: -
--

COPY public.events_event (id, title, description, starts_at, ends_at, url, source, external_id, created_at, updated_at, activity_type_id, place_id, attribution, license_name, provenance_url) FROM stdin;
2	ÎN PAȘI DE DANS		2026-06-01 18:30:00+00	2026-06-01 19:00:00+00	https://operacluj.ro/spectacole/2025-2026/inpasidedans-1-iunie-2026-18-30/	roedu	roedu:161c9f948432af3cbb68d0ebecd8f4f5	2026-07-06 11:29:49.942324+00	2026-07-06 11:29:49.942328+00	\N	1			https://operacluj.ro/spectacole/2025-2026/inpasidedans-1-iunie-2026-18-30/
3	IN DANCE STEPS		2026-06-01 18:30:00+00	2026-06-01 19:00:00+00	https://operacluj.ro/en/spectacole/2025-2026/indancesteps-1-june-2026-18-30/	roedu	roedu:a57928ccf0e52293444cf91bc5686dd1	2026-07-06 11:29:49.949715+00	2026-07-06 11:29:49.949718+00	\N	1			https://operacluj.ro/en/spectacole/2025-2026/indancesteps-1-june-2026-18-30/
4	BĂRBIERUL DIN SEVILLA		2026-06-12 18:30:00+00	2026-06-12 18:30:00+00	https://operacluj.ro/spectacole/2025-2026/barbieruldinsevilla-12-iunie-2026-18-30/	roedu	roedu:56ee97843a0e74e44afc040297c1f317	2026-07-06 11:29:49.952808+00	2026-07-06 11:29:49.952811+00	\N	1			https://operacluj.ro/spectacole/2025-2026/barbieruldinsevilla-12-iunie-2026-18-30/
5	THE BARBER OF SEVILLE		2026-06-12 18:30:00+00	2026-06-12 19:00:00+00	https://operacluj.ro/en/spectacole/2025-2026/thebarberofseville-12-june-2026-18-30/	roedu	roedu:4718e8e75e8a462df0ba8f7b67ea3b1b	2026-07-06 11:29:49.955548+00	2026-07-06 11:29:49.955551+00	\N	1			https://operacluj.ro/en/spectacole/2025-2026/thebarberofseville-12-june-2026-18-30/
6	LACUL LEBEDELOR		2026-06-14 18:30:00+00	2026-06-14 19:00:00+00	https://operacluj.ro/spectacole/2025-2026/lacullebedelor-14-iunie-2026-18-30/	roedu	roedu:223d6020e223771737cf892bf2a7c776	2026-07-06 11:29:49.958466+00	2026-07-06 11:29:49.958469+00	\N	1			https://operacluj.ro/spectacole/2025-2026/lacullebedelor-14-iunie-2026-18-30/
7	EX ORIENTE LUX: TREZIREA LUMINII		2026-06-21 05:31:00+00	2026-06-21 18:30:00+00	https://operacluj.ro/spectacole/2025-2026/exorienteluxtrezirealuminii-21-iunie-2026-05-31/	roedu	roedu:0c35f2c7af9196531d4de777c77a2ab0	2026-07-06 11:29:49.961186+00	2026-07-06 11:29:49.961188+00	\N	1			https://operacluj.ro/spectacole/2025-2026/exorienteluxtrezirealuminii-21-iunie-2026-05-31/
8	EX ORIENTE LUX: THE AWAKENING OF LIGHT		2026-06-21 05:31:00+00	2026-06-21 23:59:00+00	https://operacluj.ro/en/spectacole/2025-2026/exorienteluxtheawakeningoflight-21-june-2026-05-31/	roedu	roedu:c5a3fa39e8bc36fb62f66ad76cad234a	2026-07-06 11:29:49.963896+00	2026-07-06 11:29:49.963899+00	\N	1			https://operacluj.ro/en/spectacole/2025-2026/exorienteluxtheawakeningoflight-21-june-2026-05-31/
9	EX OCCIDENTE PAX: LINIȘTEA AMURGULUI		2026-06-21 20:30:00+00	2026-06-21 21:23:00+00	https://operacluj.ro/spectacole/2025-2026/exoccidentepaxlinisteaamurgului-21-iunie-2026-20-30/	roedu	roedu:77bb40d5623ebddabd66a2ee6d08f3fd	2026-07-06 11:29:49.966748+00	2026-07-06 11:29:49.96675+00	\N	1			https://operacluj.ro/spectacole/2025-2026/exoccidentepaxlinisteaamurgului-21-iunie-2026-20-30/
10	EX OCCIDENTE PAX: THE STILLNESS OF DUSK		2026-06-21 21:00:00+00	2026-06-21 23:59:00+00	https://operacluj.ro/en/spectacole/2025-2026/exoccidentepaxthestillnessofdusk-21-june-2026-21-00/	roedu	roedu:ae1a8acc63341e4b8cd714b9f83c219f	2026-07-06 11:29:49.969431+00	2026-07-06 11:29:49.969434+00	\N	1			https://operacluj.ro/en/spectacole/2025-2026/exoccidentepaxthestillnessofdusk-21-june-2026-21-00/
11	EXPOZIȚIE FOTO: OPERA APERTA – 10 VERI, O SINGURĂ EMOȚIE		2026-06-22 08:00:00+00	2026-06-22 18:30:00+00	https://operacluj.ro/spectacole/2025-2026/expozitiefotooperaaperta10veriosinguraemotie-22-iunie-2026-08/	roedu	roedu:f791899548c06f204691643016c85ff8	2026-07-06 11:29:49.972294+00	2026-07-06 11:29:49.972297+00	\N	1			https://operacluj.ro/spectacole/2025-2026/expozitiefotooperaaperta10veriosinguraemotie-22-iunie-2026-08/
12	DANCE FOR ME		2026-06-22 18:30:00+00	2026-06-22 23:59:00+00	https://operacluj.ro/en/spectacole/2025-2026/danceforme-22-june-2026-18-30/	roedu	roedu:0e63816e08230fb8b3ee80ec5becb5fa	2026-07-06 11:29:49.975292+00	2026-07-06 11:29:49.975295+00	\N	1			https://operacluj.ro/en/spectacole/2025-2026/danceforme-22-june-2026-18-30/
13	EN FANFARE!		2026-06-22 18:30:00+00	2026-06-22 23:59:00+00	https://operacluj.ro/en/spectacole/2025-2026/enfanfare-22-june-2026-18-30/	roedu	roedu:c3661444472fede4eba606124b86a70f	2026-07-06 11:29:49.977871+00	2026-07-06 11:29:49.977873+00	\N	1			https://operacluj.ro/en/spectacole/2025-2026/enfanfare-22-june-2026-18-30/
14	CELL’OPERA		2026-06-22 20:30:00+00	2026-06-22 21:23:00+00	https://operacluj.ro/spectacole/2025-2026/cellopera-22-iunie-2026-20-30/	roedu	roedu:58833eac8de0bc764a66d1399c0e63dc	2026-07-06 11:29:49.980556+00	2026-07-06 11:29:49.980558+00	\N	1			https://operacluj.ro/spectacole/2025-2026/cellopera-22-iunie-2026-20-30/
15	CELL’OPERA		2026-06-22 20:30:00+00	2026-06-22 23:59:00+00	https://operacluj.ro/en/spectacole/2025-2026/cell’opera-22-june-2026-20-30/	roedu	roedu:bc99fcd6488decf3a9b37d5252782c29	2026-07-06 11:29:49.983177+00	2026-07-06 11:29:49.98318+00	\N	1			https://operacluj.ro/en/spectacole/2025-2026/cell’opera-22-june-2026-20-30/
16	SYMPHOPERA		2026-06-23 20:30:00+00	2026-06-23 23:59:00+00	https://operacluj.ro/en/spectacole/2025-2026/symphopera-23-june-2026-20-30/	roedu	roedu:3bf0f4c873530f99b3928460d8932a83	2026-07-06 11:29:49.985841+00	2026-07-06 11:29:49.985843+00	\N	1			https://operacluj.ro/en/spectacole/2025-2026/symphopera-23-june-2026-20-30/
17	THE BARBARIAN NIGHTS		2026-06-24 18:30:00+00	2026-06-24 23:59:00+00	https://operacluj.ro/en/spectacole/2025-2026/thebarbariannights-24-june-2026-18-30/	roedu	roedu:c9ab11fa8d9603450e0e30d2e64ab48d	2026-07-06 11:29:49.989999+00	2026-07-06 11:29:49.990002+00	\N	1			https://operacluj.ro/en/spectacole/2025-2026/thebarbariannights-24-june-2026-18-30/
18	TANGO MEETS OPERA		2026-06-24 20:30:00+00	2026-06-24 23:59:00+00	https://operacluj.ro/en/spectacole/2025-2026/tangomeetsopera-24-june-2026-20-30/	roedu	roedu:2774703891e6e0dd970f79662d3b9285	2026-07-06 11:29:49.992994+00	2026-07-06 11:29:49.992996+00	\N	1			https://operacluj.ro/en/spectacole/2025-2026/tangomeetsopera-24-june-2026-20-30/
19	EN FANFARE! – Concert reprogramat		2026-06-25 15:00:00+00	2026-06-25 21:23:00+00	https://operacluj.ro/spectacole/2025-2026/enfanfareconcertreprogramat-25-iunie-2026-15-00/	roedu	roedu:e4ef6b4370a6208fe312180a2c24c9e1	2026-07-06 11:29:49.995949+00	2026-07-06 11:29:49.995952+00	\N	1			https://operacluj.ro/spectacole/2025-2026/enfanfareconcertreprogramat-25-iunie-2026-15-00/
20	PREMIERĂ: FĂT FRUMOS DIN LACRIMĂ		2026-06-25 18:30:00+00	2026-06-25 18:30:00+00	https://operacluj.ro/spectacole/2025-2026/premierafatfrumosdinlacrima-25-iunie-2026-18-30/	roedu	roedu:20b6b288176465d4456b15f6a2f145d2	2026-07-06 11:29:49.999047+00	2026-07-06 11:29:49.999049+00	\N	1			https://operacluj.ro/spectacole/2025-2026/premierafatfrumosdinlacrima-25-iunie-2026-18-30/
21	PREMIERE: ONE BORN FROM A TEAR		2026-06-25 18:30:00+00	2026-06-25 23:59:00+00	https://operacluj.ro/en/spectacole/2025-2026/premiereonebornfromatear-25-june-2026-18-30/	roedu	roedu:d273ac855ddeb7455dab282ea987c79f	2026-07-06 11:29:50.002065+00	2026-07-06 11:29:50.002068+00	\N	1			https://operacluj.ro/en/spectacole/2025-2026/premiereonebornfromatear-25-june-2026-18-30/
22	Jesus Christ Superstar		2026-06-25 20:30:00+00	2026-06-25 23:59:00+00	https://operacluj.ro/en/spectacole/2025-2026/jesuschristsuperstar-25-june-2026-20-30/	roedu	roedu:d2a631e313749354cd37988d5e400791	2026-07-06 11:29:50.004721+00	2026-07-06 11:29:50.004723+00	\N	1			https://operacluj.ro/en/spectacole/2025-2026/jesuschristsuperstar-25-june-2026-20-30/
23	FIORI D’OPERA		2026-06-26 20:30:00+00	2026-06-26 21:23:00+00	https://operacluj.ro/spectacole/2025-2026/fioridopera-26-iunie-2026-20-30/	roedu	roedu:364656b48b4911dd318d2e70fc29b11f	2026-07-06 11:29:50.00727+00	2026-07-06 11:29:50.007273+00	\N	1			https://operacluj.ro/spectacole/2025-2026/fioridopera-26-iunie-2026-20-30/
24	FIORI D’OPERA		2026-06-26 20:30:00+00	2026-06-26 23:59:00+00	https://operacluj.ro/en/spectacole/2025-2026/fiorid’opera-26-june-2026-20-30/	roedu	roedu:48176c981961f19bdf9f6476e26b8c66	2026-07-06 11:29:50.009816+00	2026-07-06 11:29:50.009819+00	\N	1			https://operacluj.ro/en/spectacole/2025-2026/fiorid’opera-26-june-2026-20-30/
25	Claude Bolling: The Best of from Suite for Flute and Jazz Piano Trio		2026-06-26 23:59:00+00	2026-06-26 23:59:00+00	https://operacluj.ro/en/spectacole/2025-2026/claudebollingthebestoffromsuiteforfluteandjazzpianotrio-26-june-2026-23-59/	roedu	roedu:1720fbb4be49282713a9eebda2fb94c3	2026-07-06 11:29:50.012377+00	2026-07-06 11:29:50.01238+00	\N	1			https://operacluj.ro/en/spectacole/2025-2026/claudebollingthebestoffromsuiteforfluteandjazzpianotrio-26-june-2026-23-59/
26	SAX AT MIDNIGHT		2026-06-26 23:59:00+00	2026-06-26 23:59:00+00	https://operacluj.ro/en/spectacole/2025-2026/saxatmidnight-26-june-2026-23-59/	roedu	roedu:1a864ef5ad36350e7058a34bb4ea2c66	2026-07-06 11:29:50.015068+00	2026-07-06 11:29:50.015071+00	\N	1			https://operacluj.ro/en/spectacole/2025-2026/saxatmidnight-26-june-2026-23-59/
27	OPERA APERTA National Symposium		2026-06-27 09:00:00+00	2026-06-27 23:59:00+00	https://operacluj.ro/en/spectacole/2025-2026/operaapertanationalsymposium-27-june-2026-09-00/	roedu	roedu:b056a6e240443e6ca85ced6349bb95cc	2026-07-06 11:29:50.017801+00	2026-07-06 11:29:50.017803+00	\N	1			https://operacluj.ro/en/spectacole/2025-2026/operaapertanationalsymposium-27-june-2026-09-00/
28	Simpozionul Național OPERA APERTA 2026		2026-06-27 10:00:00+00	2026-06-27 20:30:00+00	https://operacluj.ro/spectacole/2025-2026/simpozionulnationaloperaaperta2026-27-iunie-2026-10-00/	roedu	roedu:80315df7456ef7c602cb4987a7e40964	2026-07-06 11:29:50.02058+00	2026-07-06 11:29:50.020583+00	\N	1			https://operacluj.ro/spectacole/2025-2026/simpozionulnationaloperaaperta2026-27-iunie-2026-10-00/
29	PETER BENCE | PIANOSPHERE		2026-06-27 18:30:00+00	2026-06-27 18:30:00+00	https://operacluj.ro/spectacole/2025-2026/peterbencepianosphere-27-iunie-2026-18-30/	roedu	roedu:f45a83993d5bcfa518f7e758d2b82370	2026-07-06 11:29:50.023248+00	2026-07-06 11:29:50.02325+00	\N	1			https://operacluj.ro/spectacole/2025-2026/peterbencepianosphere-27-iunie-2026-18-30/
30	THE SOUND OF STAR WARS		2026-06-27 20:30:00+00	2026-06-27 23:59:00+00	https://operacluj.ro/en/spectacole/2025-2026/thesoundofstarwars-27-june-2026-20-30/	roedu	roedu:6a398e41abfe7246ad228e11201b1ad2	2026-07-06 11:29:50.025952+00	2026-07-06 11:29:50.025954+00	\N	1			https://operacluj.ro/en/spectacole/2025-2026/thesoundofstarwars-27-june-2026-20-30/
31	COCOȘATUL DE LA NOTRE-DAME		2026-06-27 21:00:00+00	2026-06-27 23:59:00+00	https://operacluj.ro/spectacole/2025-2026/cocosatuldelanotredame-27-iunie-2026-21-00/	roedu	roedu:5a61be574016e1c3cfb27b3aeebeb4f3	2026-07-06 11:29:50.028588+00	2026-07-06 11:29:50.02859+00	\N	1			https://operacluj.ro/spectacole/2025-2026/cocosatuldelanotredame-27-iunie-2026-21-00/
32	THE HUNCHBACK OF NOTRE-DAME		2026-06-27 21:00:00+00	2026-06-27 23:59:00+00	https://operacluj.ro/en/spectacole/2025-2026/thehunchbackofnotredame-27-june-2026-21-00/	roedu	roedu:525bdd762f295d02a5c83faf72380f16	2026-07-06 11:29:50.031351+00	2026-07-06 11:29:50.031353+00	\N	1			https://operacluj.ro/en/spectacole/2025-2026/thehunchbackofnotredame-27-june-2026-21-00/
33	MUZICA UMBRELOR		2026-06-27 23:59:00+00	2026-06-27 23:59:00+00	https://operacluj.ro/spectacole/2025-2026/muzicaumbrelor-27-iunie-2026-23-59/	roedu	roedu:c23672b8aebf81a5e728dcfb21d6e313	2026-07-06 11:29:50.034092+00	2026-07-06 11:29:50.034095+00	\N	1			https://operacluj.ro/spectacole/2025-2026/muzicaumbrelor-27-iunie-2026-23-59/
34	THE MUSIC OF SHADOWS		2026-06-27 23:59:00+00	2026-06-27 23:59:00+00	https://operacluj.ro/en/spectacole/2025-2026/themusicofshadows-27-june-2026-23-59/	roedu	roedu:b852be8282a0d91023b92cf46c7ac89c	2026-07-06 11:29:50.036753+00	2026-07-06 11:29:50.036755+00	\N	1			https://operacluj.ro/en/spectacole/2025-2026/themusicofshadows-27-june-2026-23-59/
35	NOTE E PAROLE CON MAESTRO DAVID CRESCENZI		2026-06-28 18:00:00+00	2026-06-28 23:59:00+00	https://operacluj.ro/en/spectacole/2025-2026/noteeparoleconmaestrodavidcrescenzi-28-june-2026-18-00/	roedu	roedu:713044a53e5fbf883b55408eb0076871	2026-07-06 11:29:50.039562+00	2026-07-06 11:29:50.039565+00	\N	1			https://operacluj.ro/en/spectacole/2025-2026/noteeparoleconmaestrodavidcrescenzi-28-june-2026-18-00/
36	CORUL MADRIGAL – DRUMUL MĂTĂSII		2026-06-28 18:30:00+00	2026-06-28 18:30:00+00	https://operacluj.ro/spectacole/2025-2026/corulmadrigaldrumulmatasii-28-iunie-2026-18-30/	roedu	roedu:d8d7f18fe9249f33482b683faa3a6922	2026-07-06 11:29:50.042496+00	2026-07-06 11:29:50.042498+00	\N	1			https://operacluj.ro/spectacole/2025-2026/corulmadrigaldrumulmatasii-28-iunie-2026-18-30/
37	MADRIGAL CHOIR – THE SILK ROAD		2026-06-28 18:30:00+00	2026-06-28 23:59:00+00	https://operacluj.ro/en/spectacole/2025-2026/madrigalchoirthesilkroad-28-june-2026-18-30/	roedu	roedu:d568f39faf81feca7e8c39b4554ee4af	2026-07-06 11:29:50.04529+00	2026-07-06 11:29:50.045293+00	\N	1			https://operacluj.ro/en/spectacole/2025-2026/madrigalchoirthesilkroad-28-june-2026-18-30/
38	AIDA – GIUSEPPE VERDI		2026-06-28 20:30:00+00	2026-06-28 23:59:00+00	https://operacluj.ro/en/spectacole/2025-2026/aidagiuseppeverdi-28-june-2026-20-30/	roedu	roedu:44fde378b7eb3578d8c4210ad855536e	2026-07-06 11:29:50.048304+00	2026-07-06 11:29:50.048307+00	\N	1			https://operacluj.ro/en/spectacole/2025-2026/aidagiuseppeverdi-28-june-2026-20-30/
39	FRUMUSEȚEA FĂRĂ GRANIȚE: SPLENDOAREA DANSULUI CHINEZ CLASIC		2026-06-29 19:30:00+00	2026-06-29 20:30:00+00	https://operacluj.ro/spectacole/2025-2026/frumuseteafaragranitesplendoareadansuluichinezclasic-29-iunie-2026-19-30/	roedu	roedu:7db57ad11f54b62c4c04eca01d0a5383	2026-07-06 11:29:50.051083+00	2026-07-06 11:29:50.051085+00	\N	1			https://operacluj.ro/spectacole/2025-2026/frumuseteafaragranitesplendoareadansuluichinezclasic-29-iunie-2026-19-30/
40	Boundless Beauty: The Grace of Chinese Classical Dance		2026-06-29 19:30:00+00	2026-06-29 23:59:00+00	https://operacluj.ro/en/spectacole/2025-2026/boundlessbeautythegraceofchineseclassicaldance-29-june-2026-19-30/	roedu	roedu:5a41eee9bde78a1423ff52feab43e572	2026-07-06 11:29:50.053758+00	2026-07-06 11:29:50.053761+00	\N	1			https://operacluj.ro/en/spectacole/2025-2026/boundlessbeautythegraceofchineseclassicaldance-29-june-2026-19-30/
\.


--
-- Data for Name: events_eventfeed; Type: TABLE DATA; Schema: public; Owner: -
--

COPY public.events_eventfeed (id, name, url, is_active, last_synced_at, last_status, created_at, activity_type_id, place_id) FROM stdin;
\.


--
-- Data for Name: events_eventreport; Type: TABLE DATA; Schema: public; Owner: -
--

COPY public.events_eventreport (id, kind, created_at, event_id, reporter_id) FROM stdin;
\.


--
-- Data for Name: media_activitycover; Type: TABLE DATA; Schema: public; Owner: -
--

COPY public.media_activitycover (id, storage_key, content_type, byte_size, sha256, width, height, exif_stripped, alt_text, created_at, updated_at, activity_id, uploader_id) FROM stdin;
\.


--
-- Data for Name: media_attachment; Type: TABLE DATA; Schema: public; Owner: -
--

COPY public.media_attachment (id, kind, storage_key, content_type, byte_size, sha256, original_filename, width, height, exif_stripped, created_at, post_id, uploader_id, expires_at, purged_at) FROM stdin;
\.


--
-- Data for Name: media_photo; Type: TABLE DATA; Schema: public; Owner: -
--

COPY public.media_photo (id, kind, storage_key, content_type, byte_size, sha256, width, height, scan_status, exif_stripped, created_at, thread_id, uploader_id, phash) FROM stdin;
\.


--
-- Data for Name: messaging_conversation; Type: TABLE DATA; Schema: public; Owner: -
--

COPY public.messaging_conversation (id, kind, title, cohort, created_at, updated_at, creator_id, disappearing_seconds) FROM stdin;
\.


--
-- Data for Name: messaging_keyverification; Type: TABLE DATA; Schema: public; Owner: -
--

COPY public.messaging_keyverification (id, fingerprint, created_at, updated_at, subject_id, verifier_id) FROM stdin;
\.


--
-- Data for Name: messaging_message; Type: TABLE DATA; Schema: public; Owner: -
--

COPY public.messaging_message (id, algorithm, ciphertext, iv, created_at, conversation_id, sender_id) FROM stdin;
\.


--
-- Data for Name: messaging_messagekey; Type: TABLE DATA; Schema: public; Owner: -
--

COPY public.messaging_messagekey (id, ephemeral_public_jwk, wrapped_key, wrap_iv, created_at, message_id, recipient_id) FROM stdin;
\.


--
-- Data for Name: messaging_participant; Type: TABLE DATA; Schema: public; Owner: -
--

COPY public.messaging_participant (id, state, role, created_at, joined_at, last_read_at, conversation_id, invited_by_id, user_id) FROM stdin;
\.


--
-- Data for Name: messaging_publickey; Type: TABLE DATA; Schema: public; Owner: -
--

COPY public.messaging_publickey (id, key_id, algorithm, public_jwk, wrapped_private_jwk, active, created_at, user_id) FROM stdin;
\.


--
-- Data for Name: notifications_notification; Type: TABLE DATA; Schema: public; Owner: -
--

COPY public.notifications_notification (id, kind, title, body, url, read_at, created_at, recipient_id) FROM stdin;
\.


--
-- Data for Name: notifications_notificationpreference; Type: TABLE DATA; Schema: public; Owner: -
--

COPY public.notifications_notificationpreference (user_id, muted_kinds) FROM stdin;
\.


--
-- Data for Name: ops_deferredtask; Type: TABLE DATA; Schema: public; Owner: -
--

COPY public.ops_deferredtask (id, kind, payload, status, attempts, max_attempts, available_at, dedup_key, last_error, created_at, started_at, finished_at) FROM stdin;
\.


--
-- Data for Name: places_accesspreference; Type: TABLE DATA; Schema: public; Owner: -
--

COPY public.places_accesspreference (id, needs_step_free, needs_accessible_toilet, prefers_quiet, created_at, updated_at, user_id, needs_hearing_loop) FROM stdin;
\.


--
-- Data for Name: places_activityedgevote; Type: TABLE DATA; Schema: public; Owner: -
--

COPY public.places_activityedgevote (id, vote, created_at, edge_id, user_id) FROM stdin;
\.


--
-- Data for Name: places_approvedchildvenue; Type: TABLE DATA; Schema: public; Owner: -
--

COPY public.places_approvedchildvenue (id, note, created_at, approved_by_id, place_id) FROM stdin;
\.


--
-- Data for Name: places_childvenueclass; Type: TABLE DATA; Schema: public; Owner: -
--

COPY public.places_childvenueclass (id, key, label, osm_match, overture_categories, is_active, created_at) FROM stdin;
1	library	Library	{"amenity": "library"}	["library"]	t	2026-07-06 11:27:00.936105+00
2	park	Park	{"leisure": "park"}	["park", "national_park"]	t	2026-07-06 11:27:00.937663+00
3	sports_centre	Sports centre	{"leisure": "sports_centre"}	["sports_centre", "stadium_arena", "recreation_center"]	t	2026-07-06 11:27:00.93875+00
4	school	School	{"amenity": "school"}	["school", "primary_school", "secondary_school"]	t	2026-07-06 11:27:00.939606+00
5	community_centre	Community centre	{"amenity": "community_centre"}	["community_center", "community_centre"]	t	2026-07-06 11:27:00.940369+00
6	playground	Playground	{"leisure": "playground"}	["playground"]	t	2026-07-06 11:27:00.941161+00
7	nature_reserve	Nature reserve	{"leisure": "nature_reserve"}	["nature_reserve"]	t	2026-07-06 11:27:00.942235+00
8	college	College / university	{"amenity": "college"}	["college_university", "college"]	t	2026-07-06 11:27:00.943025+00
\.


--
-- Data for Name: places_opennowreport; Type: TABLE DATA; Schema: public; Owner: -
--

COPY public.places_opennowreport (id, created_at, place_id, reporter_id) FROM stdin;
\.


--
-- Data for Name: places_partner; Type: TABLE DATA; Schema: public; Owner: -
--

COPY public.places_partner (id, name, kind, blurb, website, is_verified, is_active, created_at, updated_at, place_id) FROM stdin;
\.


--
-- Data for Name: places_place; Type: TABLE DATA; Schema: public; Owner: -
--

COPY public.places_place (id, name, location, address_street, address_housenumber, address_city, address_postcode, address_country, opening_hours_raw, opening_hours, source, osm_type, osm_id, external_id, raw_tags, first_seen_at, last_seen_at, phone, website, attribution, license_name, provenance_url) FROM stdin;
1	Opera Națională Română Cluj-Napoca	0101000020E61000000E4FAF94659837406D567DAEB6624740			Cluj-Napoca		RO		\N	roedu		\N	venue:24fa238373d395f2	{"amenity": "theatre", "theatre:genre": "opera"}	2026-07-06 11:28:31.753742+00	2026-07-06 11:28:31.753752+00		https://operacluj.ro			https://operacluj.ro
2	Muzeul Național de Istorie a Transilvaniei	0101000020E61000006666666666963740DFE00B93A9624740			Cluj-Napoca		RO		\N	roedu		\N	venue:d2a4aa5042f8b83b	{"tourism": "museum"}	2026-07-06 11:28:31.760633+00	2026-07-06 11:28:31.76064+00		https://mnit.ro			https://mnit.ro
3	Centrul Cultural Clujean	0101000020E6100000BBB88D06F09637400A68226C78624740			Cluj-Napoca		RO		\N	roedu		\N	venue:293cfcfcadc2590a	{"amenity": "arts_centre"}	2026-07-06 11:28:31.765049+00	2026-07-06 11:28:31.765054+00		https://cccluj.ro			https://cccluj.ro
4	Teatrul Național Lucian Blaga Cluj-Napoca	0101000020E61000000E4FAF94659837406D567DAEB6624740			Cluj-Napoca		RO		\N	roedu		\N	venue:103589bf9dd00117	{"amenity": "theatre"}	2026-07-06 11:28:31.772672+00	2026-07-06 11:28:31.772677+00		https://www.teatrulnationalcluj.ro			https://www.teatrulnationalcluj.ro
5	Muzeul de Artă Cluj-Napoca	0101000020E610000010E9B7AF039737400A68226C78624740			Cluj-Napoca		RO		\N	roedu		\N	venue:cb49b1bc6debc47e	{"tourism": "museum"}	2026-07-06 11:28:31.777463+00	2026-07-06 11:28:31.777468+00		https://www.macluj.ro			https://www.macluj.ro
6	Opera Maghiara de Stat Cluj	0101000020E610000011363CBD52963740DE718A8EE4624740			Cluj-Napoca		RO		\N	roedu		\N	venue:78133bae18378748	{"amenity": "theatre", "theatre:genre": "opera"}	2026-07-06 11:28:31.783594+00	2026-07-06 11:28:31.7836+00		https://operamaghiara.ro			https://operamaghiara.ro
7	Filarmonica de Stat Transilvania Cluj-Napoca	0101000020E6100000BA490C022B973740C3F5285C8F624740			Cluj-Napoca		RO		\N	roedu		\N	venue:25bc866866711e85	{"amenity": "theatre", "theatre:type": "concert"}	2026-07-06 11:28:31.78834+00	2026-07-06 11:28:31.788345+00		https://filarmonicatransilvania.ro			https://filarmonicatransilvania.ro
\.


--
-- Data for Name: places_placeactivity; Type: TABLE DATA; Schema: public; Owner: -
--

COPY public.places_placeactivity (id, origin, confidence, source, mapping_rule, created_at, updated_at, activity_id, place_id, is_disputed) FROM stdin;
1	inferred	0.8	roedu	theatre	2026-07-06 11:28:31.757007+00	2026-07-06 11:28:31.757019+00	32	1	f
2	inferred	0.8	roedu	museum	2026-07-06 11:28:31.762179+00	2026-07-06 11:28:31.762184+00	31	2	f
3	inferred	0.25	roedu	arts_centre	2026-07-06 11:28:31.766423+00	2026-07-06 11:28:31.766427+00	33	3	f
4	inferred	0.25	roedu	arts_centre	2026-07-06 11:28:31.76814+00	2026-07-06 11:28:31.768145+00	34	3	f
5	inferred	0.25	roedu	arts_centre	2026-07-06 11:28:31.769492+00	2026-07-06 11:28:31.769496+00	5	3	f
6	inferred	0.8	roedu	theatre	2026-07-06 11:28:31.774051+00	2026-07-06 11:28:31.774055+00	32	4	f
7	inferred	0.8	roedu	museum	2026-07-06 11:28:31.779777+00	2026-07-06 11:28:31.779783+00	31	5	f
8	inferred	0.8	roedu	theatre	2026-07-06 11:28:31.785348+00	2026-07-06 11:28:31.785353+00	32	6	f
9	inferred	0.8	roedu	theatre	2026-07-06 11:28:31.789822+00	2026-07-06 11:28:31.789827+00	32	7	f
\.


--
-- Data for Name: places_placeclosurereport; Type: TABLE DATA; Schema: public; Owner: -
--

COPY public.places_placeclosurereport (id, place_id, reporter_id, created_at) FROM stdin;
\.


--
-- Data for Name: places_placecorrection; Type: TABLE DATA; Schema: public; Owner: -
--

COPY public.places_placecorrection (id, field, proposed_value, required_confirmations, status, created_at, published_at, place_id, proposer_id) FROM stdin;
\.


--
-- Data for Name: places_placecorrectionconfirmation; Type: TABLE DATA; Schema: public; Owner: -
--

COPY public.places_placecorrectionconfirmation (id, created_at, correction_id, user_id) FROM stdin;
\.


--
-- Data for Name: places_placefactvote; Type: TABLE DATA; Schema: public; Owner: -
--

COPY public.places_placefactvote (id, fact_key, value, created_at, updated_at, place_id, user_id) FROM stdin;
\.


--
-- Data for Name: recommendations_activityembedding; Type: TABLE DATA; Schema: public; Owner: -
--

COPY public.recommendations_activityembedding (id, vector, updated_at, activity_id) FROM stdin;
\.


--
-- Data for Name: recommendations_topicpreference; Type: TABLE DATA; Schema: public; Owner: -
--

COPY public.recommendations_topicpreference (id, created_at, category_id, user_id) FROM stdin;
\.


--
-- Data for Name: recommendations_userinterest; Type: TABLE DATA; Schema: public; Owner: -
--

COPY public.recommendations_userinterest (id, created_at, activity_type_id, user_id) FROM stdin;
\.


--
-- Data for Name: safety_auditlog; Type: TABLE DATA; Schema: public; Owner: -
--

COPY public.safety_auditlog (id, event, target_ref, data, created_at, prev_hash, hash, actor_id, actor_ref) FROM stdin;
\.


--
-- Data for Name: safety_authorityreferral; Type: TABLE DATA; Schema: public; Owner: -
--

COPY public.safety_authorityreferral (id, subject_ref, reason, authority, reference, audit_anchor_hash, notes, created_at, report_id, referred_by_id) FROM stdin;
\.


--
-- Data for Name: safety_block; Type: TABLE DATA; Schema: public; Owner: -
--

COPY public.safety_block (id, created_at, blocked_id, blocker_id) FROM stdin;
\.


--
-- Data for Name: safety_moderationaction; Type: TABLE DATA; Schema: public; Owner: -
--

COPY public.safety_moderationaction (id, target_id, action, reason, notes, expires_at, created_at, moderator_id, target_type_id, report_id, lifted_at) FROM stdin;
\.


--
-- Data for Name: safety_moderationappeal; Type: TABLE DATA; Schema: public; Owner: -
--

COPY public.safety_moderationappeal (id, statement, status, decision_notes, decided_at, created_at, action_id, appellant_id, decided_by_id) FROM stdin;
\.


--
-- Data for Name: safety_report; Type: TABLE DATA; Schema: public; Owner: -
--

COPY public.safety_report (id, target_id, reason, detail, status, handled_at, resolution, created_at, handled_by_id, reporter_id, target_type_id) FROM stdin;
\.


--
-- Data for Name: saved_searches_savedsearch; Type: TABLE DATA; Schema: public; Owner: -
--

COPY public.saved_searches_savedsearch (id, cohort, beginners, cost_band, created_at, activity_type_id, area_id, category_id, user_id, coarse_window) FROM stdin;
\.


--
-- Data for Name: saved_searches_savedsearchgaugematch; Type: TABLE DATA; Schema: public; Owner: -
--

COPY public.saved_searches_savedsearchgaugematch (id, created_at, interest_id, user_id) FROM stdin;
\.


--
-- Data for Name: saved_searches_savedsearchmatch; Type: TABLE DATA; Schema: public; Owner: -
--

COPY public.saved_searches_savedsearchmatch (id, created_at, activity_id, user_id) FROM stdin;
\.


--
-- Data for Name: social_activity; Type: TABLE DATA; Schema: public; Owner: -
--

COPY public.social_activity (id, title, description, starts_at, ends_at, cohort, join_threshold, owner_can_override, capacity, status, created_at, updated_at, activity_type_id, owner_id, place_id, guardian_accompanied, is_hidden, meeting_point, organizer_note, what_to_bring, accessibility_notes, beginners_welcome, cost_band, difficulty, go_confirmed_at, min_to_go, series_id, supervised, getting_home_note, first_time_note, fallback_starts_at, fallback_meeting_point, is_publicly_listed) FROM stdin;
\.


--
-- Data for Name: social_activityinterest; Type: TABLE DATA; Schema: public; Owner: -
--

COPY public.social_activityinterest (id, cohort, coarse_window, expires_at, created_at, updated_at, activity_type_id, converted_activity_id, place_id, proposer_id) FROM stdin;
\.


--
-- Data for Name: social_activityinterest_interested_users; Type: TABLE DATA; Schema: public; Owner: -
--

COPY public.social_activityinterest_interested_users (id, activityinterest_id, user_id) FROM stdin;
\.


--
-- Data for Name: social_activityseries; Type: TABLE DATA; Schema: public; Owner: -
--

COPY public.social_activityseries (id, cohort, title, description, meeting_point, what_to_bring, organizer_note, accessibility_notes, cost_band, difficulty, capacity, min_to_go, join_threshold, guardian_accompanied, beginners_welcome, cadence, next_starts_at, anchor_day, duration_minutes, status, created_at, updated_at, activity_type_id, owner_id, place_id, supervised, getting_home_note, next_instance_note) FROM stdin;
\.


--
-- Data for Name: social_group; Type: TABLE DATA; Schema: public; Owner: -
--

COPY public.social_group (id, tier, cohort, title, description, status, is_hidden, is_staff_curated, created_at, updated_at, activity_type_id, area_id, category_id, owner_id, is_publicly_listed) FROM stdin;
\.


--
-- Data for Name: social_groupmembership; Type: TABLE DATA; Schema: public; Owner: -
--

COPY public.social_groupmembership (id, role, state, joined_at, group_id, user_id) FROM stdin;
\.


--
-- Data for Name: social_joinvote; Type: TABLE DATA; Schema: public; Owner: -
--

COPY public.social_joinvote (id, approve, created_at, voter_id, membership_id) FROM stdin;
\.


--
-- Data for Name: social_membership; Type: TABLE DATA; Schema: public; Owner: -
--

COPY public.social_membership (id, role, state, created_at, updated_at, decided_at, activity_id, user_id, arrived_at, attendance_intent, met_confirmed_at, welcomed_at, transit_status, departing_at, brings_support_person) FROM stdin;
\.


--
-- Data for Name: social_placeconfirmation; Type: TABLE DATA; Schema: public; Owner: -
--

COPY public.social_placeconfirmation (id, created_at, user_id, proposal_id) FROM stdin;
\.


--
-- Data for Name: social_post; Type: TABLE DATA; Schema: public; Owner: -
--

COPY public.social_post (id, body, created_at, updated_at, author_id, thread_id, is_hidden, is_announcement, reply_to_id, shared_activity_id, shared_event_id, shared_place_id) FROM stdin;
\.


--
-- Data for Name: social_postreaction; Type: TABLE DATA; Schema: public; Owner: -
--

COPY public.social_postreaction (id, emoji, created_at, post_id, user_id) FROM stdin;
\.


--
-- Data for Name: social_thread; Type: TABLE DATA; Schema: public; Owner: -
--

COPY public.social_thread (id, created_at, activity_id, group_id) FROM stdin;
\.


--
-- Data for Name: social_userplaceproposal; Type: TABLE DATA; Schema: public; Owner: -
--

COPY public.social_userplaceproposal (id, required_confirmations, status, created_at, published_at, place_id, proposer_id) FROM stdin;
\.


--
-- Data for Name: spatial_ref_sys; Type: TABLE DATA; Schema: public; Owner: -
--

COPY public.spatial_ref_sys (srid, auth_name, auth_srid, srtext, proj4text) FROM stdin;
\.


--
-- Data for Name: taxonomy_activitycategory; Type: TABLE DATA; Schema: public; Owner: -
--

COPY public.taxonomy_activitycategory (id, slug, name, description, created_at, updated_at, parent_id) FROM stdin;
1	sport	Sport		2026-07-06 11:26:59.941749+00	2026-07-06 11:26:59.941758+00	\N
4	tabletop	Tabletop Games		2026-07-06 11:26:59.944542+00	2026-07-06 11:26:59.944547+00	\N
5	reading	Reading		2026-07-06 11:26:59.945733+00	2026-07-06 11:26:59.945738+00	\N
6	video_games	Video Games		2026-07-06 11:26:59.946709+00	2026-07-06 11:26:59.946713+00	\N
7	social	Social		2026-07-06 11:26:59.947491+00	2026-07-06 11:26:59.947496+00	\N
2	team_sport	Team Sport		2026-07-06 11:26:59.942908+00	2026-07-06 11:26:59.942914+00	1
3	racquet_sport	Racquet Sport		2026-07-06 11:26:59.943593+00	2026-07-06 11:26:59.943598+00	1
8	outdoor	Outdoor & Endurance		2026-07-06 11:27:00.59246+00	2026-07-06 11:27:00.592467+00	\N
9	fitness	Fitness & Wellness		2026-07-06 11:27:00.593021+00	2026-07-06 11:27:00.593026+00	\N
10	culture	Culture & Community		2026-07-06 11:27:00.593412+00	2026-07-06 11:27:00.593416+00	\N
\.


--
-- Data for Name: taxonomy_activityrelation; Type: TABLE DATA; Schema: public; Owner: -
--

COPY public.taxonomy_activityrelation (id, kind, "symmetric", note, source_id, target_id) FROM stdin;
1	related	t		6	5
2	variant	t		10	9
3	variant	t		11	9
4	variant	t		14	13
5	variant	t		19	18
6	related	t		35	7
7	related	t		27	26
8	related	t		37	7
9	related	t		38	7
\.


--
-- Data for Name: taxonomy_activitytype; Type: TABLE DATA; Schema: public; Owner: -
--

COPY public.taxonomy_activitytype (id, slug, name, aliases, is_active, created_at, updated_at, category_id, parent_id, family_friendly, wellness) FROM stdin;
9	running	Running	["jogging", "run", "alergare"]	t	2026-07-06 11:27:00.59463+00	2026-07-06 11:27:00.594635+00	8	\N	f	t
10	marathon	Marathon	["half marathon", "race", "maraton"]	t	2026-07-06 11:27:00.595593+00	2026-07-06 11:27:00.595598+00	8	\N	f	t
11	trail_running	Trail Running	["trail"]	t	2026-07-06 11:27:00.596542+00	2026-07-06 11:27:00.596546+00	8	\N	f	t
12	hiking	Hiking	["trekking", "drumetie", "walking"]	t	2026-07-06 11:27:00.597466+00	2026-07-06 11:27:00.59747+00	8	\N	t	t
14	mountain_biking	Mountain Biking	["mtb"]	t	2026-07-06 11:27:00.598827+00	2026-07-06 11:27:00.598831+00	8	\N	f	t
15	orienteering	Orienteering	["orientare"]	t	2026-07-06 11:27:00.599506+00	2026-07-06 11:27:00.59951+00	8	\N	t	t
16	skating	Skating	["rollerblading", "inline", "role"]	t	2026-07-06 11:27:00.600583+00	2026-07-06 11:27:00.600588+00	8	\N	t	t
18	climbing	Climbing	["escalada", "rock climbing"]	t	2026-07-06 11:27:00.602136+00	2026-07-06 11:27:00.60214+00	9	\N	f	t
19	bouldering	Bouldering	[]	t	2026-07-06 11:27:00.602796+00	2026-07-06 11:27:00.6028+00	9	\N	f	t
20	yoga	Yoga	[]	t	2026-07-06 11:27:00.603464+00	2026-07-06 11:27:00.603468+00	9	\N	f	t
21	group_fitness	Group Fitness	["aerobics", "zumba", "bootcamp"]	t	2026-07-06 11:27:00.604398+00	2026-07-06 11:27:00.604403+00	9	\N	f	t
22	pilates	Pilates	[]	t	2026-07-06 11:27:00.605272+00	2026-07-06 11:27:00.605277+00	9	\N	f	t
23	volleyball	Volleyball	["beach volleyball", "volei"]	t	2026-07-06 11:27:00.606+00	2026-07-06 11:27:00.606004+00	2	\N	t	t
24	handball	Handball	["handbal"]	t	2026-07-06 11:27:00.607014+00	2026-07-06 11:27:00.60702+00	2	\N	f	t
25	badminton	Badminton	[]	t	2026-07-06 11:27:00.608086+00	2026-07-06 11:27:00.608091+00	3	\N	t	t
26	festival	Festival	["festival"]	t	2026-07-06 11:27:00.60912+00	2026-07-06 11:27:00.609124+00	10	\N	t	f
27	city_day	City Days	["zilele orasului", "city day"]	t	2026-07-06 11:27:00.60991+00	2026-07-06 11:27:00.609914+00	10	\N	t	f
28	street_fair	Street Fair	["targ", "fair", "market"]	t	2026-07-06 11:27:00.610648+00	2026-07-06 11:27:00.610652+00	10	\N	t	f
29	open_air_cinema	Open-air Cinema	["outdoor cinema", "cinema"]	t	2026-07-06 11:27:00.611372+00	2026-07-06 11:27:00.611376+00	10	\N	t	f
30	concert	Concert	["gig", "live music", "concert"]	t	2026-07-06 11:27:00.612068+00	2026-07-06 11:27:00.612073+00	10	\N	t	f
31	museum_visit	Museum Visit	["museum", "muzeu", "exhibition"]	t	2026-07-06 11:27:00.613136+00	2026-07-06 11:27:00.613141+00	10	\N	t	f
32	theatre_show	Theatre	["theatre", "teatru", "play"]	t	2026-07-06 11:27:00.61399+00	2026-07-06 11:27:00.613995+00	10	\N	t	f
33	workshop	Workshop	["atelier", "class"]	t	2026-07-06 11:27:00.614828+00	2026-07-06 11:27:00.614832+00	10	\N	t	f
34	dance_social	Social Dancing	["salsa", "bachata", "dance"]	t	2026-07-06 11:27:00.615512+00	2026-07-06 11:27:00.615515+00	10	\N	f	t
35	book_club	Book Club	["reading club"]	t	2026-07-06 11:27:00.616209+00	2026-07-06 11:27:00.616214+00	10	\N	t	f
36	community_event	Community Event	["meetup", "gathering"]	t	2026-07-06 11:27:00.617245+00	2026-07-06 11:27:00.617251+00	10	\N	t	f
3	table_tennis	Table Tennis	["ping pong", "ping-pong", "whiff-whaff"]	t	2026-07-06 11:26:59.951472+00	2026-07-06 11:26:59.951476+00	3	\N	t	t
5	board_games	Board Games	["boardgames", "tabletop"]	t	2026-07-06 11:26:59.953014+00	2026-07-06 11:26:59.953018+00	4	\N	t	f
7	reading	Reading	["books", "library"]	t	2026-07-06 11:26:59.955013+00	2026-07-06 11:26:59.955018+00	5	\N	t	f
8	video_games	Video Games	["gaming", "esports", "arcade"]	t	2026-07-06 11:26:59.955802+00	2026-07-06 11:26:59.955807+00	6	\N	t	f
37	archive	Archive	["archives", "records office", "national archives"]	t	2026-07-06 11:27:00.642468+00	2026-07-06 11:27:00.642474+00	5	\N	t	f
38	used_bookshop	Antiquarian & Used Books	["antiquarian", "second-hand books", "old books", "rare books", "used books"]	t	2026-07-06 11:27:00.643996+00	2026-07-06 11:27:00.644001+00	5	\N	t	f
2	football	Football	["soccer", "futsal", "fotbal"]	t	2026-07-06 11:26:59.950599+00	2026-07-06 11:26:59.950605+00	2	\N	t	t
1	basketball	Basketball	["streetball", "baschet"]	t	2026-07-06 11:26:59.949293+00	2026-07-06 11:26:59.949298+00	2	\N	t	t
4	tennis	Tennis	["tenis"]	t	2026-07-06 11:26:59.952216+00	2026-07-06 11:26:59.952221+00	3	\N	t	t
17	swimming	Swimming	["inot", "swim", "înot"]	t	2026-07-06 11:27:00.601407+00	2026-07-06 11:27:00.601412+00	9	\N	t	t
13	cycling	Cycling	["biking", "bike", "ciclism", "bicicleta", "bicicletă"]	t	2026-07-06 11:27:00.598168+00	2026-07-06 11:27:00.598172+00	8	\N	t	t
6	chess	Chess	["sah", "șah"]	t	2026-07-06 11:26:59.953792+00	2026-07-06 11:26:59.953796+00	4	\N	t	f
\.


--
-- Data for Name: geocode_settings; Type: TABLE DATA; Schema: tiger; Owner: -
--

COPY tiger.geocode_settings (name, setting, unit, category, short_desc) FROM stdin;
\.


--
-- Data for Name: pagc_gaz; Type: TABLE DATA; Schema: tiger; Owner: -
--

COPY tiger.pagc_gaz (id, seq, word, stdword, token, is_custom) FROM stdin;
\.


--
-- Data for Name: pagc_lex; Type: TABLE DATA; Schema: tiger; Owner: -
--

COPY tiger.pagc_lex (id, seq, word, stdword, token, is_custom) FROM stdin;
\.


--
-- Data for Name: pagc_rules; Type: TABLE DATA; Schema: tiger; Owner: -
--

COPY tiger.pagc_rules (id, rule, is_custom) FROM stdin;
\.


--
-- Data for Name: topology; Type: TABLE DATA; Schema: topology; Owner: -
--

COPY topology.topology (id, name, srid, "precision", hasz) FROM stdin;
\.


--
-- Data for Name: layer; Type: TABLE DATA; Schema: topology; Owner: -
--

COPY topology.layer (topology_id, layer_id, schema_name, table_name, feature_column, feature_type, level, child_id) FROM stdin;
\.


--
-- Name: accounts_ageassurance_id_seq; Type: SEQUENCE SET; Schema: public; Owner: -
--

SELECT pg_catalog.setval('public.accounts_ageassurance_id_seq', 1, false);


--
-- Name: accounts_bannedidentity_id_seq; Type: SEQUENCE SET; Schema: public; Owner: -
--

SELECT pg_catalog.setval('public.accounts_bannedidentity_id_seq', 1, false);


--
-- Name: accounts_consumedagenonce_id_seq; Type: SEQUENCE SET; Schema: public; Owner: -
--

SELECT pg_catalog.setval('public.accounts_consumedagenonce_id_seq', 1, false);


--
-- Name: accounts_guardianguardrail_id_seq; Type: SEQUENCE SET; Schema: public; Owner: -
--

SELECT pg_catalog.setval('public.accounts_guardianguardrail_id_seq', 1, false);


--
-- Name: accounts_guardianlinkinvite_id_seq; Type: SEQUENCE SET; Schema: public; Owner: -
--

SELECT pg_catalog.setval('public.accounts_guardianlinkinvite_id_seq', 1, false);


--
-- Name: accounts_guardianrelationship_id_seq; Type: SEQUENCE SET; Schema: public; Owner: -
--

SELECT pg_catalog.setval('public.accounts_guardianrelationship_id_seq', 1, false);


--
-- Name: accounts_identitybinding_id_seq; Type: SEQUENCE SET; Schema: public; Owner: -
--

SELECT pg_catalog.setval('public.accounts_identitybinding_id_seq', 1, false);


--
-- Name: accounts_parentalconsent_id_seq; Type: SEQUENCE SET; Schema: public; Owner: -
--

SELECT pg_catalog.setval('public.accounts_parentalconsent_id_seq', 1, false);


--
-- Name: accounts_user_groups_id_seq; Type: SEQUENCE SET; Schema: public; Owner: -
--

SELECT pg_catalog.setval('public.accounts_user_groups_id_seq', 1, false);


--
-- Name: accounts_user_id_seq; Type: SEQUENCE SET; Schema: public; Owner: -
--

SELECT pg_catalog.setval('public.accounts_user_id_seq', 1, false);


--
-- Name: accounts_user_user_permissions_id_seq; Type: SEQUENCE SET; Schema: public; Owner: -
--

SELECT pg_catalog.setval('public.accounts_user_user_permissions_id_seq', 1, false);


--
-- Name: auth_group_id_seq; Type: SEQUENCE SET; Schema: public; Owner: -
--

SELECT pg_catalog.setval('public.auth_group_id_seq', 1, false);


--
-- Name: auth_group_permissions_id_seq; Type: SEQUENCE SET; Schema: public; Owner: -
--

SELECT pg_catalog.setval('public.auth_group_permissions_id_seq', 1, false);


--
-- Name: auth_permission_id_seq; Type: SEQUENCE SET; Schema: public; Owner: -
--

SELECT pg_catalog.setval('public.auth_permission_id_seq', 324, true);


--
-- Name: booking_booking_id_seq; Type: SEQUENCE SET; Schema: public; Owner: -
--

SELECT pg_catalog.setval('public.booking_booking_id_seq', 1, false);


--
-- Name: booking_placebookinginfo_id_seq; Type: SEQUENCE SET; Schema: public; Owner: -
--

SELECT pg_catalog.setval('public.booking_placebookinginfo_id_seq', 1, false);


--
-- Name: communities_area_id_seq; Type: SEQUENCE SET; Schema: public; Owner: -
--

SELECT pg_catalog.setval('public.communities_area_id_seq', 1, false);


--
-- Name: communities_community_id_seq; Type: SEQUENCE SET; Schema: public; Owner: -
--

SELECT pg_catalog.setval('public.communities_community_id_seq', 1, false);


--
-- Name: connections_connection_id_seq; Type: SEQUENCE SET; Schema: public; Owner: -
--

SELECT pg_catalog.setval('public.connections_connection_id_seq', 1, false);


--
-- Name: django_admin_log_id_seq; Type: SEQUENCE SET; Schema: public; Owner: -
--

SELECT pg_catalog.setval('public.django_admin_log_id_seq', 1, false);


--
-- Name: django_content_type_id_seq; Type: SEQUENCE SET; Schema: public; Owner: -
--

SELECT pg_catalog.setval('public.django_content_type_id_seq', 81, true);


--
-- Name: django_migrations_id_seq; Type: SEQUENCE SET; Schema: public; Owner: -
--

SELECT pg_catalog.setval('public.django_migrations_id_seq', 148, true);


--
-- Name: donations_campaign_id_seq; Type: SEQUENCE SET; Schema: public; Owner: -
--

SELECT pg_catalog.setval('public.donations_campaign_id_seq', 1, false);


--
-- Name: donations_civicoutcome_id_seq; Type: SEQUENCE SET; Schema: public; Owner: -
--

SELECT pg_catalog.setval('public.donations_civicoutcome_id_seq', 1, false);


--
-- Name: donations_costanchor_id_seq; Type: SEQUENCE SET; Schema: public; Owner: -
--

SELECT pg_catalog.setval('public.donations_costanchor_id_seq', 1, false);


--
-- Name: donations_donation_id_seq; Type: SEQUENCE SET; Schema: public; Owner: -
--

SELECT pg_catalog.setval('public.donations_donation_id_seq', 1, false);


--
-- Name: donations_inkindcontribution_id_seq; Type: SEQUENCE SET; Schema: public; Owner: -
--

SELECT pg_catalog.setval('public.donations_inkindcontribution_id_seq', 1, false);


--
-- Name: donations_spendentry_id_seq; Type: SEQUENCE SET; Schema: public; Owner: -
--

SELECT pg_catalog.setval('public.donations_spendentry_id_seq', 1, false);


--
-- Name: events_event_id_seq; Type: SEQUENCE SET; Schema: public; Owner: -
--

SELECT pg_catalog.setval('public.events_event_id_seq', 40, true);


--
-- Name: events_eventfeed_id_seq; Type: SEQUENCE SET; Schema: public; Owner: -
--

SELECT pg_catalog.setval('public.events_eventfeed_id_seq', 1, false);


--
-- Name: events_eventreport_id_seq; Type: SEQUENCE SET; Schema: public; Owner: -
--

SELECT pg_catalog.setval('public.events_eventreport_id_seq', 1, false);


--
-- Name: media_activitycover_id_seq; Type: SEQUENCE SET; Schema: public; Owner: -
--

SELECT pg_catalog.setval('public.media_activitycover_id_seq', 1, false);


--
-- Name: media_attachment_id_seq; Type: SEQUENCE SET; Schema: public; Owner: -
--

SELECT pg_catalog.setval('public.media_attachment_id_seq', 1, false);


--
-- Name: media_photo_id_seq; Type: SEQUENCE SET; Schema: public; Owner: -
--

SELECT pg_catalog.setval('public.media_photo_id_seq', 1, false);


--
-- Name: messaging_conversation_id_seq; Type: SEQUENCE SET; Schema: public; Owner: -
--

SELECT pg_catalog.setval('public.messaging_conversation_id_seq', 1, false);


--
-- Name: messaging_keyverification_id_seq; Type: SEQUENCE SET; Schema: public; Owner: -
--

SELECT pg_catalog.setval('public.messaging_keyverification_id_seq', 1, false);


--
-- Name: messaging_message_id_seq; Type: SEQUENCE SET; Schema: public; Owner: -
--

SELECT pg_catalog.setval('public.messaging_message_id_seq', 1, false);


--
-- Name: messaging_messagekey_id_seq; Type: SEQUENCE SET; Schema: public; Owner: -
--

SELECT pg_catalog.setval('public.messaging_messagekey_id_seq', 1, false);


--
-- Name: messaging_participant_id_seq; Type: SEQUENCE SET; Schema: public; Owner: -
--

SELECT pg_catalog.setval('public.messaging_participant_id_seq', 1, false);


--
-- Name: messaging_publickey_id_seq; Type: SEQUENCE SET; Schema: public; Owner: -
--

SELECT pg_catalog.setval('public.messaging_publickey_id_seq', 1, false);


--
-- Name: notifications_notification_id_seq; Type: SEQUENCE SET; Schema: public; Owner: -
--

SELECT pg_catalog.setval('public.notifications_notification_id_seq', 1, false);


--
-- Name: ops_deferredtask_id_seq; Type: SEQUENCE SET; Schema: public; Owner: -
--

SELECT pg_catalog.setval('public.ops_deferredtask_id_seq', 1, false);


--
-- Name: places_accesspreference_id_seq; Type: SEQUENCE SET; Schema: public; Owner: -
--

SELECT pg_catalog.setval('public.places_accesspreference_id_seq', 1, false);


--
-- Name: places_activityedgevote_id_seq; Type: SEQUENCE SET; Schema: public; Owner: -
--

SELECT pg_catalog.setval('public.places_activityedgevote_id_seq', 1, false);


--
-- Name: places_approvedchildvenue_id_seq; Type: SEQUENCE SET; Schema: public; Owner: -
--

SELECT pg_catalog.setval('public.places_approvedchildvenue_id_seq', 1, false);


--
-- Name: places_childvenueclass_id_seq; Type: SEQUENCE SET; Schema: public; Owner: -
--

SELECT pg_catalog.setval('public.places_childvenueclass_id_seq', 8, true);


--
-- Name: places_opennowreport_id_seq; Type: SEQUENCE SET; Schema: public; Owner: -
--

SELECT pg_catalog.setval('public.places_opennowreport_id_seq', 1, false);


--
-- Name: places_partner_id_seq; Type: SEQUENCE SET; Schema: public; Owner: -
--

SELECT pg_catalog.setval('public.places_partner_id_seq', 1, false);


--
-- Name: places_place_id_seq; Type: SEQUENCE SET; Schema: public; Owner: -
--

SELECT pg_catalog.setval('public.places_place_id_seq', 7, true);


--
-- Name: places_placeactivity_id_seq; Type: SEQUENCE SET; Schema: public; Owner: -
--

SELECT pg_catalog.setval('public.places_placeactivity_id_seq', 9, true);


--
-- Name: places_placeclosurereport_id_seq; Type: SEQUENCE SET; Schema: public; Owner: -
--

SELECT pg_catalog.setval('public.places_placeclosurereport_id_seq', 1, false);


--
-- Name: places_placecorrection_id_seq; Type: SEQUENCE SET; Schema: public; Owner: -
--

SELECT pg_catalog.setval('public.places_placecorrection_id_seq', 1, false);


--
-- Name: places_placecorrectionconfirmation_id_seq; Type: SEQUENCE SET; Schema: public; Owner: -
--

SELECT pg_catalog.setval('public.places_placecorrectionconfirmation_id_seq', 1, false);


--
-- Name: places_placefactvote_id_seq; Type: SEQUENCE SET; Schema: public; Owner: -
--

SELECT pg_catalog.setval('public.places_placefactvote_id_seq', 1, false);


--
-- Name: recommendations_activityembedding_id_seq; Type: SEQUENCE SET; Schema: public; Owner: -
--

SELECT pg_catalog.setval('public.recommendations_activityembedding_id_seq', 1, false);


--
-- Name: recommendations_topicpreference_id_seq; Type: SEQUENCE SET; Schema: public; Owner: -
--

SELECT pg_catalog.setval('public.recommendations_topicpreference_id_seq', 1, false);


--
-- Name: recommendations_userinterest_id_seq; Type: SEQUENCE SET; Schema: public; Owner: -
--

SELECT pg_catalog.setval('public.recommendations_userinterest_id_seq', 1, false);


--
-- Name: safety_auditlog_id_seq; Type: SEQUENCE SET; Schema: public; Owner: -
--

SELECT pg_catalog.setval('public.safety_auditlog_id_seq', 1, false);


--
-- Name: safety_authorityreferral_id_seq; Type: SEQUENCE SET; Schema: public; Owner: -
--

SELECT pg_catalog.setval('public.safety_authorityreferral_id_seq', 1, false);


--
-- Name: safety_block_id_seq; Type: SEQUENCE SET; Schema: public; Owner: -
--

SELECT pg_catalog.setval('public.safety_block_id_seq', 1, false);


--
-- Name: safety_moderationaction_id_seq; Type: SEQUENCE SET; Schema: public; Owner: -
--

SELECT pg_catalog.setval('public.safety_moderationaction_id_seq', 1, false);


--
-- Name: safety_moderationappeal_id_seq; Type: SEQUENCE SET; Schema: public; Owner: -
--

SELECT pg_catalog.setval('public.safety_moderationappeal_id_seq', 1, false);


--
-- Name: safety_report_id_seq; Type: SEQUENCE SET; Schema: public; Owner: -
--

SELECT pg_catalog.setval('public.safety_report_id_seq', 1, false);


--
-- Name: saved_searches_savedsearch_id_seq; Type: SEQUENCE SET; Schema: public; Owner: -
--

SELECT pg_catalog.setval('public.saved_searches_savedsearch_id_seq', 1, false);


--
-- Name: saved_searches_savedsearchgaugematch_id_seq; Type: SEQUENCE SET; Schema: public; Owner: -
--

SELECT pg_catalog.setval('public.saved_searches_savedsearchgaugematch_id_seq', 1, false);


--
-- Name: saved_searches_savedsearchmatch_id_seq; Type: SEQUENCE SET; Schema: public; Owner: -
--

SELECT pg_catalog.setval('public.saved_searches_savedsearchmatch_id_seq', 1, false);


--
-- Name: social_activity_id_seq; Type: SEQUENCE SET; Schema: public; Owner: -
--

SELECT pg_catalog.setval('public.social_activity_id_seq', 1, false);


--
-- Name: social_activityinterest_id_seq; Type: SEQUENCE SET; Schema: public; Owner: -
--

SELECT pg_catalog.setval('public.social_activityinterest_id_seq', 1, false);


--
-- Name: social_activityinterest_interested_users_id_seq; Type: SEQUENCE SET; Schema: public; Owner: -
--

SELECT pg_catalog.setval('public.social_activityinterest_interested_users_id_seq', 1, false);


--
-- Name: social_activityseries_id_seq; Type: SEQUENCE SET; Schema: public; Owner: -
--

SELECT pg_catalog.setval('public.social_activityseries_id_seq', 1, false);


--
-- Name: social_group_id_seq; Type: SEQUENCE SET; Schema: public; Owner: -
--

SELECT pg_catalog.setval('public.social_group_id_seq', 1, false);


--
-- Name: social_groupmembership_id_seq; Type: SEQUENCE SET; Schema: public; Owner: -
--

SELECT pg_catalog.setval('public.social_groupmembership_id_seq', 1, false);


--
-- Name: social_joinvote_id_seq; Type: SEQUENCE SET; Schema: public; Owner: -
--

SELECT pg_catalog.setval('public.social_joinvote_id_seq', 1, false);


--
-- Name: social_membership_id_seq; Type: SEQUENCE SET; Schema: public; Owner: -
--

SELECT pg_catalog.setval('public.social_membership_id_seq', 1, false);


--
-- Name: social_placeconfirmation_id_seq; Type: SEQUENCE SET; Schema: public; Owner: -
--

SELECT pg_catalog.setval('public.social_placeconfirmation_id_seq', 1, false);


--
-- Name: social_post_id_seq; Type: SEQUENCE SET; Schema: public; Owner: -
--

SELECT pg_catalog.setval('public.social_post_id_seq', 1, false);


--
-- Name: social_postreaction_id_seq; Type: SEQUENCE SET; Schema: public; Owner: -
--

SELECT pg_catalog.setval('public.social_postreaction_id_seq', 1, false);


--
-- Name: social_thread_id_seq; Type: SEQUENCE SET; Schema: public; Owner: -
--

SELECT pg_catalog.setval('public.social_thread_id_seq', 1, false);


--
-- Name: social_userplaceproposal_id_seq; Type: SEQUENCE SET; Schema: public; Owner: -
--

SELECT pg_catalog.setval('public.social_userplaceproposal_id_seq', 1, false);


--
-- Name: taxonomy_activitycategory_id_seq; Type: SEQUENCE SET; Schema: public; Owner: -
--

SELECT pg_catalog.setval('public.taxonomy_activitycategory_id_seq', 10, true);


--
-- Name: taxonomy_activityrelation_id_seq; Type: SEQUENCE SET; Schema: public; Owner: -
--

SELECT pg_catalog.setval('public.taxonomy_activityrelation_id_seq', 9, true);


--
-- Name: taxonomy_activitytype_id_seq; Type: SEQUENCE SET; Schema: public; Owner: -
--

SELECT pg_catalog.setval('public.taxonomy_activitytype_id_seq', 38, true);


--
-- Name: topology_id_seq; Type: SEQUENCE SET; Schema: topology; Owner: -
--

SELECT pg_catalog.setval('topology.topology_id_seq', 1, false);


--
-- Name: accounts_ageassurance accounts_ageassurance_pkey; Type: CONSTRAINT; Schema: public; Owner: -
--

ALTER TABLE ONLY public.accounts_ageassurance
    ADD CONSTRAINT accounts_ageassurance_pkey PRIMARY KEY (id);


--
-- Name: accounts_bannedidentity accounts_bannedidentity_holder_hash_key; Type: CONSTRAINT; Schema: public; Owner: -
--

ALTER TABLE ONLY public.accounts_bannedidentity
    ADD CONSTRAINT accounts_bannedidentity_holder_hash_key UNIQUE (holder_hash);


--
-- Name: accounts_bannedidentity accounts_bannedidentity_pkey; Type: CONSTRAINT; Schema: public; Owner: -
--

ALTER TABLE ONLY public.accounts_bannedidentity
    ADD CONSTRAINT accounts_bannedidentity_pkey PRIMARY KEY (id);


--
-- Name: accounts_consumedagenonce accounts_consumedagenonce_nonce_key; Type: CONSTRAINT; Schema: public; Owner: -
--

ALTER TABLE ONLY public.accounts_consumedagenonce
    ADD CONSTRAINT accounts_consumedagenonce_nonce_key UNIQUE (nonce);


--
-- Name: accounts_consumedagenonce accounts_consumedagenonce_pkey; Type: CONSTRAINT; Schema: public; Owner: -
--

ALTER TABLE ONLY public.accounts_consumedagenonce
    ADD CONSTRAINT accounts_consumedagenonce_pkey PRIMARY KEY (id);


--
-- Name: accounts_guardianguardrail accounts_guardianguardrail_pkey; Type: CONSTRAINT; Schema: public; Owner: -
--

ALTER TABLE ONLY public.accounts_guardianguardrail
    ADD CONSTRAINT accounts_guardianguardrail_pkey PRIMARY KEY (id);


--
-- Name: accounts_guardianguardrail accounts_guardianguardrail_relationship_id_key; Type: CONSTRAINT; Schema: public; Owner: -
--

ALTER TABLE ONLY public.accounts_guardianguardrail
    ADD CONSTRAINT accounts_guardianguardrail_relationship_id_key UNIQUE (relationship_id);


--
-- Name: accounts_guardianlinkinvite accounts_guardianlinkinvite_pkey; Type: CONSTRAINT; Schema: public; Owner: -
--

ALTER TABLE ONLY public.accounts_guardianlinkinvite
    ADD CONSTRAINT accounts_guardianlinkinvite_pkey PRIMARY KEY (id);


--
-- Name: accounts_guardianlinkinvite accounts_guardianlinkinvite_token_key; Type: CONSTRAINT; Schema: public; Owner: -
--

ALTER TABLE ONLY public.accounts_guardianlinkinvite
    ADD CONSTRAINT accounts_guardianlinkinvite_token_key UNIQUE (token);


--
-- Name: accounts_guardianrelationship accounts_guardianrelationship_pkey; Type: CONSTRAINT; Schema: public; Owner: -
--

ALTER TABLE ONLY public.accounts_guardianrelationship
    ADD CONSTRAINT accounts_guardianrelationship_pkey PRIMARY KEY (id);


--
-- Name: accounts_identitybinding accounts_identitybinding_holder_hash_key; Type: CONSTRAINT; Schema: public; Owner: -
--

ALTER TABLE ONLY public.accounts_identitybinding
    ADD CONSTRAINT accounts_identitybinding_holder_hash_key UNIQUE (holder_hash);


--
-- Name: accounts_identitybinding accounts_identitybinding_pkey; Type: CONSTRAINT; Schema: public; Owner: -
--

ALTER TABLE ONLY public.accounts_identitybinding
    ADD CONSTRAINT accounts_identitybinding_pkey PRIMARY KEY (id);


--
-- Name: accounts_identitybinding accounts_identitybinding_user_id_key; Type: CONSTRAINT; Schema: public; Owner: -
--

ALTER TABLE ONLY public.accounts_identitybinding
    ADD CONSTRAINT accounts_identitybinding_user_id_key UNIQUE (user_id);


--
-- Name: accounts_parentalconsent accounts_parentalconsent_pkey; Type: CONSTRAINT; Schema: public; Owner: -
--

ALTER TABLE ONLY public.accounts_parentalconsent
    ADD CONSTRAINT accounts_parentalconsent_pkey PRIMARY KEY (id);


--
-- Name: accounts_user_groups accounts_user_groups_pkey; Type: CONSTRAINT; Schema: public; Owner: -
--

ALTER TABLE ONLY public.accounts_user_groups
    ADD CONSTRAINT accounts_user_groups_pkey PRIMARY KEY (id);


--
-- Name: accounts_user_groups accounts_user_groups_user_id_group_id_59c0b32f_uniq; Type: CONSTRAINT; Schema: public; Owner: -
--

ALTER TABLE ONLY public.accounts_user_groups
    ADD CONSTRAINT accounts_user_groups_user_id_group_id_59c0b32f_uniq UNIQUE (user_id, group_id);


--
-- Name: accounts_user accounts_user_pkey; Type: CONSTRAINT; Schema: public; Owner: -
--

ALTER TABLE ONLY public.accounts_user
    ADD CONSTRAINT accounts_user_pkey PRIMARY KEY (id);


--
-- Name: accounts_user accounts_user_public_id_key; Type: CONSTRAINT; Schema: public; Owner: -
--

ALTER TABLE ONLY public.accounts_user
    ADD CONSTRAINT accounts_user_public_id_key UNIQUE (public_id);


--
-- Name: accounts_user_user_permissions accounts_user_user_permi_user_id_permission_id_2ab516c2_uniq; Type: CONSTRAINT; Schema: public; Owner: -
--

ALTER TABLE ONLY public.accounts_user_user_permissions
    ADD CONSTRAINT accounts_user_user_permi_user_id_permission_id_2ab516c2_uniq UNIQUE (user_id, permission_id);


--
-- Name: accounts_user_user_permissions accounts_user_user_permissions_pkey; Type: CONSTRAINT; Schema: public; Owner: -
--

ALTER TABLE ONLY public.accounts_user_user_permissions
    ADD CONSTRAINT accounts_user_user_permissions_pkey PRIMARY KEY (id);


--
-- Name: accounts_user accounts_user_username_key; Type: CONSTRAINT; Schema: public; Owner: -
--

ALTER TABLE ONLY public.accounts_user
    ADD CONSTRAINT accounts_user_username_key UNIQUE (username);


--
-- Name: auth_group auth_group_name_key; Type: CONSTRAINT; Schema: public; Owner: -
--

ALTER TABLE ONLY public.auth_group
    ADD CONSTRAINT auth_group_name_key UNIQUE (name);


--
-- Name: auth_group_permissions auth_group_permissions_group_id_permission_id_0cd325b0_uniq; Type: CONSTRAINT; Schema: public; Owner: -
--

ALTER TABLE ONLY public.auth_group_permissions
    ADD CONSTRAINT auth_group_permissions_group_id_permission_id_0cd325b0_uniq UNIQUE (group_id, permission_id);


--
-- Name: auth_group_permissions auth_group_permissions_pkey; Type: CONSTRAINT; Schema: public; Owner: -
--

ALTER TABLE ONLY public.auth_group_permissions
    ADD CONSTRAINT auth_group_permissions_pkey PRIMARY KEY (id);


--
-- Name: auth_group auth_group_pkey; Type: CONSTRAINT; Schema: public; Owner: -
--

ALTER TABLE ONLY public.auth_group
    ADD CONSTRAINT auth_group_pkey PRIMARY KEY (id);


--
-- Name: auth_permission auth_permission_content_type_id_codename_01ab375a_uniq; Type: CONSTRAINT; Schema: public; Owner: -
--

ALTER TABLE ONLY public.auth_permission
    ADD CONSTRAINT auth_permission_content_type_id_codename_01ab375a_uniq UNIQUE (content_type_id, codename);


--
-- Name: auth_permission auth_permission_pkey; Type: CONSTRAINT; Schema: public; Owner: -
--

ALTER TABLE ONLY public.auth_permission
    ADD CONSTRAINT auth_permission_pkey PRIMARY KEY (id);


--
-- Name: authtoken_token authtoken_token_pkey; Type: CONSTRAINT; Schema: public; Owner: -
--

ALTER TABLE ONLY public.authtoken_token
    ADD CONSTRAINT authtoken_token_pkey PRIMARY KEY (key);


--
-- Name: authtoken_token authtoken_token_user_id_key; Type: CONSTRAINT; Schema: public; Owner: -
--

ALTER TABLE ONLY public.authtoken_token
    ADD CONSTRAINT authtoken_token_user_id_key UNIQUE (user_id);


--
-- Name: booking_booking booking_booking_pkey; Type: CONSTRAINT; Schema: public; Owner: -
--

ALTER TABLE ONLY public.booking_booking
    ADD CONSTRAINT booking_booking_pkey PRIMARY KEY (id);


--
-- Name: booking_placebookinginfo booking_placebookinginfo_pkey; Type: CONSTRAINT; Schema: public; Owner: -
--

ALTER TABLE ONLY public.booking_placebookinginfo
    ADD CONSTRAINT booking_placebookinginfo_pkey PRIMARY KEY (id);


--
-- Name: booking_placebookinginfo booking_placebookinginfo_place_id_key; Type: CONSTRAINT; Schema: public; Owner: -
--

ALTER TABLE ONLY public.booking_placebookinginfo
    ADD CONSTRAINT booking_placebookinginfo_place_id_key UNIQUE (place_id);


--
-- Name: communities_area communities_area_pkey; Type: CONSTRAINT; Schema: public; Owner: -
--

ALTER TABLE ONLY public.communities_area
    ADD CONSTRAINT communities_area_pkey PRIMARY KEY (id);


--
-- Name: communities_area communities_area_slug_key; Type: CONSTRAINT; Schema: public; Owner: -
--

ALTER TABLE ONLY public.communities_area
    ADD CONSTRAINT communities_area_slug_key UNIQUE (slug);


--
-- Name: communities_community communities_community_pkey; Type: CONSTRAINT; Schema: public; Owner: -
--

ALTER TABLE ONLY public.communities_community
    ADD CONSTRAINT communities_community_pkey PRIMARY KEY (id);


--
-- Name: communities_community communities_community_slug_key; Type: CONSTRAINT; Schema: public; Owner: -
--

ALTER TABLE ONLY public.communities_community
    ADD CONSTRAINT communities_community_slug_key UNIQUE (slug);


--
-- Name: connections_connection connections_connection_pkey; Type: CONSTRAINT; Schema: public; Owner: -
--

ALTER TABLE ONLY public.connections_connection
    ADD CONSTRAINT connections_connection_pkey PRIMARY KEY (id);


--
-- Name: django_admin_log django_admin_log_pkey; Type: CONSTRAINT; Schema: public; Owner: -
--

ALTER TABLE ONLY public.django_admin_log
    ADD CONSTRAINT django_admin_log_pkey PRIMARY KEY (id);


--
-- Name: django_content_type django_content_type_app_label_model_76bd3d3b_uniq; Type: CONSTRAINT; Schema: public; Owner: -
--

ALTER TABLE ONLY public.django_content_type
    ADD CONSTRAINT django_content_type_app_label_model_76bd3d3b_uniq UNIQUE (app_label, model);


--
-- Name: django_content_type django_content_type_pkey; Type: CONSTRAINT; Schema: public; Owner: -
--

ALTER TABLE ONLY public.django_content_type
    ADD CONSTRAINT django_content_type_pkey PRIMARY KEY (id);


--
-- Name: django_migrations django_migrations_pkey; Type: CONSTRAINT; Schema: public; Owner: -
--

ALTER TABLE ONLY public.django_migrations
    ADD CONSTRAINT django_migrations_pkey PRIMARY KEY (id);


--
-- Name: django_session django_session_pkey; Type: CONSTRAINT; Schema: public; Owner: -
--

ALTER TABLE ONLY public.django_session
    ADD CONSTRAINT django_session_pkey PRIMARY KEY (session_key);


--
-- Name: donations_campaign donations_campaign_pkey; Type: CONSTRAINT; Schema: public; Owner: -
--

ALTER TABLE ONLY public.donations_campaign
    ADD CONSTRAINT donations_campaign_pkey PRIMARY KEY (id);


--
-- Name: donations_campaign donations_campaign_slug_key; Type: CONSTRAINT; Schema: public; Owner: -
--

ALTER TABLE ONLY public.donations_campaign
    ADD CONSTRAINT donations_campaign_slug_key UNIQUE (slug);


--
-- Name: donations_civicoutcome donations_civicoutcome_pkey; Type: CONSTRAINT; Schema: public; Owner: -
--

ALTER TABLE ONLY public.donations_civicoutcome
    ADD CONSTRAINT donations_civicoutcome_pkey PRIMARY KEY (id);


--
-- Name: donations_costanchor donations_costanchor_pkey; Type: CONSTRAINT; Schema: public; Owner: -
--

ALTER TABLE ONLY public.donations_costanchor
    ADD CONSTRAINT donations_costanchor_pkey PRIMARY KEY (id);


--
-- Name: donations_donation donations_donation_pkey; Type: CONSTRAINT; Schema: public; Owner: -
--

ALTER TABLE ONLY public.donations_donation
    ADD CONSTRAINT donations_donation_pkey PRIMARY KEY (id);


--
-- Name: donations_inkindcontribution donations_inkindcontribution_pkey; Type: CONSTRAINT; Schema: public; Owner: -
--

ALTER TABLE ONLY public.donations_inkindcontribution
    ADD CONSTRAINT donations_inkindcontribution_pkey PRIMARY KEY (id);


--
-- Name: donations_spendentry donations_spendentry_pkey; Type: CONSTRAINT; Schema: public; Owner: -
--

ALTER TABLE ONLY public.donations_spendentry
    ADD CONSTRAINT donations_spendentry_pkey PRIMARY KEY (id);


--
-- Name: events_event events_event_pkey; Type: CONSTRAINT; Schema: public; Owner: -
--

ALTER TABLE ONLY public.events_event
    ADD CONSTRAINT events_event_pkey PRIMARY KEY (id);


--
-- Name: events_eventfeed events_eventfeed_pkey; Type: CONSTRAINT; Schema: public; Owner: -
--

ALTER TABLE ONLY public.events_eventfeed
    ADD CONSTRAINT events_eventfeed_pkey PRIMARY KEY (id);


--
-- Name: events_eventreport events_eventreport_pkey; Type: CONSTRAINT; Schema: public; Owner: -
--

ALTER TABLE ONLY public.events_eventreport
    ADD CONSTRAINT events_eventreport_pkey PRIMARY KEY (id);


--
-- Name: media_activitycover media_activitycover_activity_id_key; Type: CONSTRAINT; Schema: public; Owner: -
--

ALTER TABLE ONLY public.media_activitycover
    ADD CONSTRAINT media_activitycover_activity_id_key UNIQUE (activity_id);


--
-- Name: media_activitycover media_activitycover_pkey; Type: CONSTRAINT; Schema: public; Owner: -
--

ALTER TABLE ONLY public.media_activitycover
    ADD CONSTRAINT media_activitycover_pkey PRIMARY KEY (id);


--
-- Name: media_attachment media_attachment_pkey; Type: CONSTRAINT; Schema: public; Owner: -
--

ALTER TABLE ONLY public.media_attachment
    ADD CONSTRAINT media_attachment_pkey PRIMARY KEY (id);


--
-- Name: media_photo media_photo_pkey; Type: CONSTRAINT; Schema: public; Owner: -
--

ALTER TABLE ONLY public.media_photo
    ADD CONSTRAINT media_photo_pkey PRIMARY KEY (id);


--
-- Name: messaging_conversation messaging_conversation_pkey; Type: CONSTRAINT; Schema: public; Owner: -
--

ALTER TABLE ONLY public.messaging_conversation
    ADD CONSTRAINT messaging_conversation_pkey PRIMARY KEY (id);


--
-- Name: messaging_keyverification messaging_keyverification_pkey; Type: CONSTRAINT; Schema: public; Owner: -
--

ALTER TABLE ONLY public.messaging_keyverification
    ADD CONSTRAINT messaging_keyverification_pkey PRIMARY KEY (id);


--
-- Name: messaging_message messaging_message_pkey; Type: CONSTRAINT; Schema: public; Owner: -
--

ALTER TABLE ONLY public.messaging_message
    ADD CONSTRAINT messaging_message_pkey PRIMARY KEY (id);


--
-- Name: messaging_messagekey messaging_messagekey_pkey; Type: CONSTRAINT; Schema: public; Owner: -
--

ALTER TABLE ONLY public.messaging_messagekey
    ADD CONSTRAINT messaging_messagekey_pkey PRIMARY KEY (id);


--
-- Name: messaging_participant messaging_participant_pkey; Type: CONSTRAINT; Schema: public; Owner: -
--

ALTER TABLE ONLY public.messaging_participant
    ADD CONSTRAINT messaging_participant_pkey PRIMARY KEY (id);


--
-- Name: messaging_publickey messaging_publickey_key_id_key; Type: CONSTRAINT; Schema: public; Owner: -
--

ALTER TABLE ONLY public.messaging_publickey
    ADD CONSTRAINT messaging_publickey_key_id_key UNIQUE (key_id);


--
-- Name: messaging_publickey messaging_publickey_pkey; Type: CONSTRAINT; Schema: public; Owner: -
--

ALTER TABLE ONLY public.messaging_publickey
    ADD CONSTRAINT messaging_publickey_pkey PRIMARY KEY (id);


--
-- Name: notifications_notification notifications_notification_pkey; Type: CONSTRAINT; Schema: public; Owner: -
--

ALTER TABLE ONLY public.notifications_notification
    ADD CONSTRAINT notifications_notification_pkey PRIMARY KEY (id);


--
-- Name: notifications_notificationpreference notifications_notificationpreference_pkey; Type: CONSTRAINT; Schema: public; Owner: -
--

ALTER TABLE ONLY public.notifications_notificationpreference
    ADD CONSTRAINT notifications_notificationpreference_pkey PRIMARY KEY (user_id);


--
-- Name: ops_deferredtask ops_deferredtask_pkey; Type: CONSTRAINT; Schema: public; Owner: -
--

ALTER TABLE ONLY public.ops_deferredtask
    ADD CONSTRAINT ops_deferredtask_pkey PRIMARY KEY (id);


--
-- Name: places_accesspreference places_accesspreference_pkey; Type: CONSTRAINT; Schema: public; Owner: -
--

ALTER TABLE ONLY public.places_accesspreference
    ADD CONSTRAINT places_accesspreference_pkey PRIMARY KEY (id);


--
-- Name: places_accesspreference places_accesspreference_user_id_key; Type: CONSTRAINT; Schema: public; Owner: -
--

ALTER TABLE ONLY public.places_accesspreference
    ADD CONSTRAINT places_accesspreference_user_id_key UNIQUE (user_id);


--
-- Name: places_activityedgevote places_activityedgevote_pkey; Type: CONSTRAINT; Schema: public; Owner: -
--

ALTER TABLE ONLY public.places_activityedgevote
    ADD CONSTRAINT places_activityedgevote_pkey PRIMARY KEY (id);


--
-- Name: places_approvedchildvenue places_approvedchildvenue_pkey; Type: CONSTRAINT; Schema: public; Owner: -
--

ALTER TABLE ONLY public.places_approvedchildvenue
    ADD CONSTRAINT places_approvedchildvenue_pkey PRIMARY KEY (id);


--
-- Name: places_approvedchildvenue places_approvedchildvenue_place_id_key; Type: CONSTRAINT; Schema: public; Owner: -
--

ALTER TABLE ONLY public.places_approvedchildvenue
    ADD CONSTRAINT places_approvedchildvenue_place_id_key UNIQUE (place_id);


--
-- Name: places_childvenueclass places_childvenueclass_key_key; Type: CONSTRAINT; Schema: public; Owner: -
--

ALTER TABLE ONLY public.places_childvenueclass
    ADD CONSTRAINT places_childvenueclass_key_key UNIQUE (key);


--
-- Name: places_childvenueclass places_childvenueclass_pkey; Type: CONSTRAINT; Schema: public; Owner: -
--

ALTER TABLE ONLY public.places_childvenueclass
    ADD CONSTRAINT places_childvenueclass_pkey PRIMARY KEY (id);


--
-- Name: places_opennowreport places_opennowreport_pkey; Type: CONSTRAINT; Schema: public; Owner: -
--

ALTER TABLE ONLY public.places_opennowreport
    ADD CONSTRAINT places_opennowreport_pkey PRIMARY KEY (id);


--
-- Name: places_partner places_partner_pkey; Type: CONSTRAINT; Schema: public; Owner: -
--

ALTER TABLE ONLY public.places_partner
    ADD CONSTRAINT places_partner_pkey PRIMARY KEY (id);


--
-- Name: places_place places_place_pkey; Type: CONSTRAINT; Schema: public; Owner: -
--

ALTER TABLE ONLY public.places_place
    ADD CONSTRAINT places_place_pkey PRIMARY KEY (id);


--
-- Name: places_placeactivity places_placeactivity_pkey; Type: CONSTRAINT; Schema: public; Owner: -
--

ALTER TABLE ONLY public.places_placeactivity
    ADD CONSTRAINT places_placeactivity_pkey PRIMARY KEY (id);


--
-- Name: places_placeclosurereport places_placeclosurereport_pkey; Type: CONSTRAINT; Schema: public; Owner: -
--

ALTER TABLE ONLY public.places_placeclosurereport
    ADD CONSTRAINT places_placeclosurereport_pkey PRIMARY KEY (id);


--
-- Name: places_placecorrection places_placecorrection_pkey; Type: CONSTRAINT; Schema: public; Owner: -
--

ALTER TABLE ONLY public.places_placecorrection
    ADD CONSTRAINT places_placecorrection_pkey PRIMARY KEY (id);


--
-- Name: places_placecorrectionconfirmation places_placecorrectionconfirmation_pkey; Type: CONSTRAINT; Schema: public; Owner: -
--

ALTER TABLE ONLY public.places_placecorrectionconfirmation
    ADD CONSTRAINT places_placecorrectionconfirmation_pkey PRIMARY KEY (id);


--
-- Name: places_placefactvote places_placefactvote_pkey; Type: CONSTRAINT; Schema: public; Owner: -
--

ALTER TABLE ONLY public.places_placefactvote
    ADD CONSTRAINT places_placefactvote_pkey PRIMARY KEY (id);


--
-- Name: recommendations_activityembedding recommendations_activityembedding_activity_id_key; Type: CONSTRAINT; Schema: public; Owner: -
--

ALTER TABLE ONLY public.recommendations_activityembedding
    ADD CONSTRAINT recommendations_activityembedding_activity_id_key UNIQUE (activity_id);


--
-- Name: recommendations_activityembedding recommendations_activityembedding_pkey; Type: CONSTRAINT; Schema: public; Owner: -
--

ALTER TABLE ONLY public.recommendations_activityembedding
    ADD CONSTRAINT recommendations_activityembedding_pkey PRIMARY KEY (id);


--
-- Name: recommendations_topicpreference recommendations_topicpreference_pkey; Type: CONSTRAINT; Schema: public; Owner: -
--

ALTER TABLE ONLY public.recommendations_topicpreference
    ADD CONSTRAINT recommendations_topicpreference_pkey PRIMARY KEY (id);


--
-- Name: recommendations_userinterest recommendations_userinterest_pkey; Type: CONSTRAINT; Schema: public; Owner: -
--

ALTER TABLE ONLY public.recommendations_userinterest
    ADD CONSTRAINT recommendations_userinterest_pkey PRIMARY KEY (id);


--
-- Name: safety_auditlog safety_auditlog_pkey; Type: CONSTRAINT; Schema: public; Owner: -
--

ALTER TABLE ONLY public.safety_auditlog
    ADD CONSTRAINT safety_auditlog_pkey PRIMARY KEY (id);


--
-- Name: safety_authorityreferral safety_authorityreferral_pkey; Type: CONSTRAINT; Schema: public; Owner: -
--

ALTER TABLE ONLY public.safety_authorityreferral
    ADD CONSTRAINT safety_authorityreferral_pkey PRIMARY KEY (id);


--
-- Name: safety_block safety_block_pkey; Type: CONSTRAINT; Schema: public; Owner: -
--

ALTER TABLE ONLY public.safety_block
    ADD CONSTRAINT safety_block_pkey PRIMARY KEY (id);


--
-- Name: safety_moderationaction safety_moderationaction_pkey; Type: CONSTRAINT; Schema: public; Owner: -
--

ALTER TABLE ONLY public.safety_moderationaction
    ADD CONSTRAINT safety_moderationaction_pkey PRIMARY KEY (id);


--
-- Name: safety_moderationappeal safety_moderationappeal_action_id_key; Type: CONSTRAINT; Schema: public; Owner: -
--

ALTER TABLE ONLY public.safety_moderationappeal
    ADD CONSTRAINT safety_moderationappeal_action_id_key UNIQUE (action_id);


--
-- Name: safety_moderationappeal safety_moderationappeal_pkey; Type: CONSTRAINT; Schema: public; Owner: -
--

ALTER TABLE ONLY public.safety_moderationappeal
    ADD CONSTRAINT safety_moderationappeal_pkey PRIMARY KEY (id);


--
-- Name: safety_report safety_report_pkey; Type: CONSTRAINT; Schema: public; Owner: -
--

ALTER TABLE ONLY public.safety_report
    ADD CONSTRAINT safety_report_pkey PRIMARY KEY (id);


--
-- Name: saved_searches_savedsearch saved_searches_savedsearch_pkey; Type: CONSTRAINT; Schema: public; Owner: -
--

ALTER TABLE ONLY public.saved_searches_savedsearch
    ADD CONSTRAINT saved_searches_savedsearch_pkey PRIMARY KEY (id);


--
-- Name: saved_searches_savedsearchgaugematch saved_searches_savedsearchgaugematch_pkey; Type: CONSTRAINT; Schema: public; Owner: -
--

ALTER TABLE ONLY public.saved_searches_savedsearchgaugematch
    ADD CONSTRAINT saved_searches_savedsearchgaugematch_pkey PRIMARY KEY (id);


--
-- Name: saved_searches_savedsearchmatch saved_searches_savedsearchmatch_pkey; Type: CONSTRAINT; Schema: public; Owner: -
--

ALTER TABLE ONLY public.saved_searches_savedsearchmatch
    ADD CONSTRAINT saved_searches_savedsearchmatch_pkey PRIMARY KEY (id);


--
-- Name: social_activity social_activity_pkey; Type: CONSTRAINT; Schema: public; Owner: -
--

ALTER TABLE ONLY public.social_activity
    ADD CONSTRAINT social_activity_pkey PRIMARY KEY (id);


--
-- Name: social_activityinterest_interested_users social_activityinterest__activityinterest_id_user_9df1ee0a_uniq; Type: CONSTRAINT; Schema: public; Owner: -
--

ALTER TABLE ONLY public.social_activityinterest_interested_users
    ADD CONSTRAINT social_activityinterest__activityinterest_id_user_9df1ee0a_uniq UNIQUE (activityinterest_id, user_id);


--
-- Name: social_activityinterest_interested_users social_activityinterest_interested_users_pkey; Type: CONSTRAINT; Schema: public; Owner: -
--

ALTER TABLE ONLY public.social_activityinterest_interested_users
    ADD CONSTRAINT social_activityinterest_interested_users_pkey PRIMARY KEY (id);


--
-- Name: social_activityinterest social_activityinterest_pkey; Type: CONSTRAINT; Schema: public; Owner: -
--

ALTER TABLE ONLY public.social_activityinterest
    ADD CONSTRAINT social_activityinterest_pkey PRIMARY KEY (id);


--
-- Name: social_activityseries social_activityseries_pkey; Type: CONSTRAINT; Schema: public; Owner: -
--

ALTER TABLE ONLY public.social_activityseries
    ADD CONSTRAINT social_activityseries_pkey PRIMARY KEY (id);


--
-- Name: social_group social_group_pkey; Type: CONSTRAINT; Schema: public; Owner: -
--

ALTER TABLE ONLY public.social_group
    ADD CONSTRAINT social_group_pkey PRIMARY KEY (id);


--
-- Name: social_groupmembership social_groupmembership_pkey; Type: CONSTRAINT; Schema: public; Owner: -
--

ALTER TABLE ONLY public.social_groupmembership
    ADD CONSTRAINT social_groupmembership_pkey PRIMARY KEY (id);


--
-- Name: social_joinvote social_joinvote_pkey; Type: CONSTRAINT; Schema: public; Owner: -
--

ALTER TABLE ONLY public.social_joinvote
    ADD CONSTRAINT social_joinvote_pkey PRIMARY KEY (id);


--
-- Name: social_membership social_membership_pkey; Type: CONSTRAINT; Schema: public; Owner: -
--

ALTER TABLE ONLY public.social_membership
    ADD CONSTRAINT social_membership_pkey PRIMARY KEY (id);


--
-- Name: social_placeconfirmation social_placeconfirmation_pkey; Type: CONSTRAINT; Schema: public; Owner: -
--

ALTER TABLE ONLY public.social_placeconfirmation
    ADD CONSTRAINT social_placeconfirmation_pkey PRIMARY KEY (id);


--
-- Name: social_post social_post_pkey; Type: CONSTRAINT; Schema: public; Owner: -
--

ALTER TABLE ONLY public.social_post
    ADD CONSTRAINT social_post_pkey PRIMARY KEY (id);


--
-- Name: social_postreaction social_postreaction_pkey; Type: CONSTRAINT; Schema: public; Owner: -
--

ALTER TABLE ONLY public.social_postreaction
    ADD CONSTRAINT social_postreaction_pkey PRIMARY KEY (id);


--
-- Name: social_thread social_thread_activity_id_key; Type: CONSTRAINT; Schema: public; Owner: -
--

ALTER TABLE ONLY public.social_thread
    ADD CONSTRAINT social_thread_activity_id_key UNIQUE (activity_id);


--
-- Name: social_thread social_thread_group_id_key; Type: CONSTRAINT; Schema: public; Owner: -
--

ALTER TABLE ONLY public.social_thread
    ADD CONSTRAINT social_thread_group_id_key UNIQUE (group_id);


--
-- Name: social_thread social_thread_pkey; Type: CONSTRAINT; Schema: public; Owner: -
--

ALTER TABLE ONLY public.social_thread
    ADD CONSTRAINT social_thread_pkey PRIMARY KEY (id);


--
-- Name: social_userplaceproposal social_userplaceproposal_pkey; Type: CONSTRAINT; Schema: public; Owner: -
--

ALTER TABLE ONLY public.social_userplaceproposal
    ADD CONSTRAINT social_userplaceproposal_pkey PRIMARY KEY (id);


--
-- Name: social_userplaceproposal social_userplaceproposal_place_id_key; Type: CONSTRAINT; Schema: public; Owner: -
--

ALTER TABLE ONLY public.social_userplaceproposal
    ADD CONSTRAINT social_userplaceproposal_place_id_key UNIQUE (place_id);


--
-- Name: taxonomy_activitycategory taxonomy_activitycategory_pkey; Type: CONSTRAINT; Schema: public; Owner: -
--

ALTER TABLE ONLY public.taxonomy_activitycategory
    ADD CONSTRAINT taxonomy_activitycategory_pkey PRIMARY KEY (id);


--
-- Name: taxonomy_activitycategory taxonomy_activitycategory_slug_key; Type: CONSTRAINT; Schema: public; Owner: -
--

ALTER TABLE ONLY public.taxonomy_activitycategory
    ADD CONSTRAINT taxonomy_activitycategory_slug_key UNIQUE (slug);


--
-- Name: taxonomy_activityrelation taxonomy_activityrelation_pkey; Type: CONSTRAINT; Schema: public; Owner: -
--

ALTER TABLE ONLY public.taxonomy_activityrelation
    ADD CONSTRAINT taxonomy_activityrelation_pkey PRIMARY KEY (id);


--
-- Name: taxonomy_activitytype taxonomy_activitytype_pkey; Type: CONSTRAINT; Schema: public; Owner: -
--

ALTER TABLE ONLY public.taxonomy_activitytype
    ADD CONSTRAINT taxonomy_activitytype_pkey PRIMARY KEY (id);


--
-- Name: taxonomy_activitytype taxonomy_activitytype_slug_key; Type: CONSTRAINT; Schema: public; Owner: -
--

ALTER TABLE ONLY public.taxonomy_activitytype
    ADD CONSTRAINT taxonomy_activitytype_slug_key UNIQUE (slug);


--
-- Name: taxonomy_activityrelation uq_activity_relation; Type: CONSTRAINT; Schema: public; Owner: -
--

ALTER TABLE ONLY public.taxonomy_activityrelation
    ADD CONSTRAINT uq_activity_relation UNIQUE (source_id, target_id, kind);


--
-- Name: communities_area uq_area_city_slug; Type: CONSTRAINT; Schema: public; Owner: -
--

ALTER TABLE ONLY public.communities_area
    ADD CONSTRAINT uq_area_city_slug UNIQUE (city, slug);


--
-- Name: safety_block uq_block_pair; Type: CONSTRAINT; Schema: public; Owner: -
--

ALTER TABLE ONLY public.safety_block
    ADD CONSTRAINT uq_block_pair UNIQUE (blocker_id, blocked_id);


--
-- Name: social_placeconfirmation uq_confirmation_proposal_user; Type: CONSTRAINT; Schema: public; Owner: -
--

ALTER TABLE ONLY public.social_placeconfirmation
    ADD CONSTRAINT uq_confirmation_proposal_user UNIQUE (proposal_id, user_id);


--
-- Name: connections_connection uq_connection_pair; Type: CONSTRAINT; Schema: public; Owner: -
--

ALTER TABLE ONLY public.connections_connection
    ADD CONSTRAINT uq_connection_pair UNIQUE (requester_id, addressee_id);


--
-- Name: messaging_participant uq_conversation_user; Type: CONSTRAINT; Schema: public; Owner: -
--

ALTER TABLE ONLY public.messaging_participant
    ADD CONSTRAINT uq_conversation_user UNIQUE (conversation_id, user_id);


--
-- Name: places_placecorrectionconfirmation uq_correction_confirm_user; Type: CONSTRAINT; Schema: public; Owner: -
--

ALTER TABLE ONLY public.places_placecorrectionconfirmation
    ADD CONSTRAINT uq_correction_confirm_user UNIQUE (correction_id, user_id);


--
-- Name: places_activityedgevote uq_edge_vote_user; Type: CONSTRAINT; Schema: public; Owner: -
--

ALTER TABLE ONLY public.places_activityedgevote
    ADD CONSTRAINT uq_edge_vote_user UNIQUE (edge_id, user_id);


--
-- Name: social_groupmembership uq_group_membership_group_user; Type: CONSTRAINT; Schema: public; Owner: -
--

ALTER TABLE ONLY public.social_groupmembership
    ADD CONSTRAINT uq_group_membership_group_user UNIQUE (group_id, user_id);


--
-- Name: accounts_guardianrelationship uq_guardian_ward; Type: CONSTRAINT; Schema: public; Owner: -
--

ALTER TABLE ONLY public.accounts_guardianrelationship
    ADD CONSTRAINT uq_guardian_ward UNIQUE (guardian_id, ward_id);


--
-- Name: social_joinvote uq_joinvote_membership_voter; Type: CONSTRAINT; Schema: public; Owner: -
--

ALTER TABLE ONLY public.social_joinvote
    ADD CONSTRAINT uq_joinvote_membership_voter UNIQUE (membership_id, voter_id);


--
-- Name: social_membership uq_membership_activity_user; Type: CONSTRAINT; Schema: public; Owner: -
--

ALTER TABLE ONLY public.social_membership
    ADD CONSTRAINT uq_membership_activity_user UNIQUE (activity_id, user_id);


--
-- Name: messaging_messagekey uq_message_recipient; Type: CONSTRAINT; Schema: public; Owner: -
--

ALTER TABLE ONLY public.messaging_messagekey
    ADD CONSTRAINT uq_message_recipient UNIQUE (message_id, recipient_id);


--
-- Name: places_placeactivity uq_place_activity; Type: CONSTRAINT; Schema: public; Owner: -
--

ALTER TABLE ONLY public.places_placeactivity
    ADD CONSTRAINT uq_place_activity UNIQUE (place_id, activity_id);


--
-- Name: places_placefactvote uq_place_fact_user; Type: CONSTRAINT; Schema: public; Owner: -
--

ALTER TABLE ONLY public.places_placefactvote
    ADD CONSTRAINT uq_place_fact_user UNIQUE (place_id, user_id, fact_key);


--
-- Name: social_postreaction uq_post_reaction; Type: CONSTRAINT; Schema: public; Owner: -
--

ALTER TABLE ONLY public.social_postreaction
    ADD CONSTRAINT uq_post_reaction UNIQUE (post_id, user_id, emoji);


--
-- Name: saved_searches_savedsearchmatch uq_savedsearchmatch_user_activity; Type: CONSTRAINT; Schema: public; Owner: -
--

ALTER TABLE ONLY public.saved_searches_savedsearchmatch
    ADD CONSTRAINT uq_savedsearchmatch_user_activity UNIQUE (user_id, activity_id);


--
-- Name: saved_searches_savedsearchgaugematch uq_ssgaugematch_user_interest; Type: CONSTRAINT; Schema: public; Owner: -
--

ALTER TABLE ONLY public.saved_searches_savedsearchgaugematch
    ADD CONSTRAINT uq_ssgaugematch_user_interest UNIQUE (user_id, interest_id);


--
-- Name: recommendations_userinterest uq_user_interest; Type: CONSTRAINT; Schema: public; Owner: -
--

ALTER TABLE ONLY public.recommendations_userinterest
    ADD CONSTRAINT uq_user_interest UNIQUE (user_id, activity_type_id);


--
-- Name: recommendations_topicpreference uq_user_topic_pref; Type: CONSTRAINT; Schema: public; Owner: -
--

ALTER TABLE ONLY public.recommendations_topicpreference
    ADD CONSTRAINT uq_user_topic_pref UNIQUE (user_id, category_id);


--
-- Name: messaging_keyverification uq_verifier_subject; Type: CONSTRAINT; Schema: public; Owner: -
--

ALTER TABLE ONLY public.messaging_keyverification
    ADD CONSTRAINT uq_verifier_subject UNIQUE (verifier_id, subject_id);


--
-- Name: accounts_ag_user_id_41e204_idx; Type: INDEX; Schema: public; Owner: -
--

CREATE INDEX accounts_ag_user_id_41e204_idx ON public.accounts_ageassurance USING btree (user_id, verified_at);


--
-- Name: accounts_ageassurance_user_id_72ab3aa3; Type: INDEX; Schema: public; Owner: -
--

CREATE INDEX accounts_ageassurance_user_id_72ab3aa3 ON public.accounts_ageassurance USING btree (user_id);


--
-- Name: accounts_bannedidentity_holder_hash_cb1d030c_like; Type: INDEX; Schema: public; Owner: -
--

CREATE INDEX accounts_bannedidentity_holder_hash_cb1d030c_like ON public.accounts_bannedidentity USING btree (holder_hash varchar_pattern_ops);


--
-- Name: accounts_consumedagenonce_nonce_34ee7f46_like; Type: INDEX; Schema: public; Owner: -
--

CREATE INDEX accounts_consumedagenonce_nonce_34ee7f46_like ON public.accounts_consumedagenonce USING btree (nonce varchar_pattern_ops);


--
-- Name: accounts_gu_ward_id_a65f08_idx; Type: INDEX; Schema: public; Owner: -
--

CREATE INDEX accounts_gu_ward_id_a65f08_idx ON public.accounts_guardianlinkinvite USING btree (ward_id, status);


--
-- Name: accounts_gu_ward_id_c664df_idx; Type: INDEX; Schema: public; Owner: -
--

CREATE INDEX accounts_gu_ward_id_c664df_idx ON public.accounts_guardianrelationship USING btree (ward_id, status);


--
-- Name: accounts_guardianlinkinvite_guardian_id_c18531d4; Type: INDEX; Schema: public; Owner: -
--

CREATE INDEX accounts_guardianlinkinvite_guardian_id_c18531d4 ON public.accounts_guardianlinkinvite USING btree (guardian_id);


--
-- Name: accounts_guardianlinkinvite_token_feac7d2e_like; Type: INDEX; Schema: public; Owner: -
--

CREATE INDEX accounts_guardianlinkinvite_token_feac7d2e_like ON public.accounts_guardianlinkinvite USING btree (token varchar_pattern_ops);


--
-- Name: accounts_guardianlinkinvite_ward_id_3e81f38f; Type: INDEX; Schema: public; Owner: -
--

CREATE INDEX accounts_guardianlinkinvite_ward_id_3e81f38f ON public.accounts_guardianlinkinvite USING btree (ward_id);


--
-- Name: accounts_guardianrelationship_consent_id_c083ab2a; Type: INDEX; Schema: public; Owner: -
--

CREATE INDEX accounts_guardianrelationship_consent_id_c083ab2a ON public.accounts_guardianrelationship USING btree (consent_id);


--
-- Name: accounts_guardianrelationship_guardian_id_0ea24cb6; Type: INDEX; Schema: public; Owner: -
--

CREATE INDEX accounts_guardianrelationship_guardian_id_0ea24cb6 ON public.accounts_guardianrelationship USING btree (guardian_id);


--
-- Name: accounts_guardianrelationship_ward_id_07357b73; Type: INDEX; Schema: public; Owner: -
--

CREATE INDEX accounts_guardianrelationship_ward_id_07357b73 ON public.accounts_guardianrelationship USING btree (ward_id);


--
-- Name: accounts_identitybinding_holder_hash_31a22584_like; Type: INDEX; Schema: public; Owner: -
--

CREATE INDEX accounts_identitybinding_holder_hash_31a22584_like ON public.accounts_identitybinding USING btree (holder_hash varchar_pattern_ops);


--
-- Name: accounts_pa_minor_i_033009_idx; Type: INDEX; Schema: public; Owner: -
--

CREATE INDEX accounts_pa_minor_i_033009_idx ON public.accounts_parentalconsent USING btree (minor_id, status);


--
-- Name: accounts_parentalconsent_minor_id_29830617; Type: INDEX; Schema: public; Owner: -
--

CREATE INDEX accounts_parentalconsent_minor_id_29830617 ON public.accounts_parentalconsent USING btree (minor_id);


--
-- Name: accounts_us_cohort_ff510e_idx; Type: INDEX; Schema: public; Owner: -
--

CREATE INDEX accounts_us_cohort_ff510e_idx ON public.accounts_user USING btree (cohort, is_identity_verified);


--
-- Name: accounts_user_groups_group_id_bd11a704; Type: INDEX; Schema: public; Owner: -
--

CREATE INDEX accounts_user_groups_group_id_bd11a704 ON public.accounts_user_groups USING btree (group_id);


--
-- Name: accounts_user_groups_user_id_52b62117; Type: INDEX; Schema: public; Owner: -
--

CREATE INDEX accounts_user_groups_user_id_52b62117 ON public.accounts_user_groups USING btree (user_id);


--
-- Name: accounts_user_user_permissions_permission_id_113bb443; Type: INDEX; Schema: public; Owner: -
--

CREATE INDEX accounts_user_user_permissions_permission_id_113bb443 ON public.accounts_user_user_permissions USING btree (permission_id);


--
-- Name: accounts_user_user_permissions_user_id_e4f0a161; Type: INDEX; Schema: public; Owner: -
--

CREATE INDEX accounts_user_user_permissions_user_id_e4f0a161 ON public.accounts_user_user_permissions USING btree (user_id);


--
-- Name: accounts_user_username_6088629e_like; Type: INDEX; Schema: public; Owner: -
--

CREATE INDEX accounts_user_username_6088629e_like ON public.accounts_user USING btree (username varchar_pattern_ops);


--
-- Name: actemb_vector_hnsw; Type: INDEX; Schema: public; Owner: -
--

CREATE INDEX actemb_vector_hnsw ON public.recommendations_activityembedding USING hnsw (vector public.vector_cosine_ops) WITH (m='16', ef_construction='64');


--
-- Name: activity_desc_trgm; Type: INDEX; Schema: public; Owner: -
--

CREATE INDEX activity_desc_trgm ON public.social_activity USING gin (upper(description) public.gin_trgm_ops);


--
-- Name: activity_title_trgm; Type: INDEX; Schema: public; Owner: -
--

CREATE INDEX activity_title_trgm ON public.social_activity USING gin (upper((title)::text) public.gin_trgm_ops);


--
-- Name: auth_group_name_a6ea08ec_like; Type: INDEX; Schema: public; Owner: -
--

CREATE INDEX auth_group_name_a6ea08ec_like ON public.auth_group USING btree (name varchar_pattern_ops);


--
-- Name: auth_group_permissions_group_id_b120cbf9; Type: INDEX; Schema: public; Owner: -
--

CREATE INDEX auth_group_permissions_group_id_b120cbf9 ON public.auth_group_permissions USING btree (group_id);


--
-- Name: auth_group_permissions_permission_id_84c5c92e; Type: INDEX; Schema: public; Owner: -
--

CREATE INDEX auth_group_permissions_permission_id_84c5c92e ON public.auth_group_permissions USING btree (permission_id);


--
-- Name: auth_permission_content_type_id_2f476e4b; Type: INDEX; Schema: public; Owner: -
--

CREATE INDEX auth_permission_content_type_id_2f476e4b ON public.auth_permission USING btree (content_type_id);


--
-- Name: authtoken_token_key_10f0b77e_like; Type: INDEX; Schema: public; Owner: -
--

CREATE INDEX authtoken_token_key_10f0b77e_like ON public.authtoken_token USING btree (key varchar_pattern_ops);


--
-- Name: booking_boo_place_i_b6e092_idx; Type: INDEX; Schema: public; Owner: -
--

CREATE INDEX booking_boo_place_i_b6e092_idx ON public.booking_booking USING btree (place_id);


--
-- Name: booking_boo_user_id_dddf68_idx; Type: INDEX; Schema: public; Owner: -
--

CREATE INDEX booking_boo_user_id_dddf68_idx ON public.booking_booking USING btree (user_id, status);


--
-- Name: booking_booking_activity_id_3c18a753; Type: INDEX; Schema: public; Owner: -
--

CREATE INDEX booking_booking_activity_id_3c18a753 ON public.booking_booking USING btree (activity_id);


--
-- Name: booking_booking_place_id_e99def4e; Type: INDEX; Schema: public; Owner: -
--

CREATE INDEX booking_booking_place_id_e99def4e ON public.booking_booking USING btree (place_id);


--
-- Name: booking_booking_user_id_e1eb6912; Type: INDEX; Schema: public; Owner: -
--

CREATE INDEX booking_booking_user_id_e1eb6912 ON public.booking_booking USING btree (user_id);


--
-- Name: closure_place_created_idx; Type: INDEX; Schema: public; Owner: -
--

CREATE INDEX closure_place_created_idx ON public.places_placeclosurereport USING btree (place_id, created_at);


--
-- Name: closure_place_reporter_idx; Type: INDEX; Schema: public; Owner: -
--

CREATE INDEX closure_place_reporter_idx ON public.places_placeclosurereport USING btree (place_id, reporter_id);


--
-- Name: communities_area_city_7ccf2688; Type: INDEX; Schema: public; Owner: -
--

CREATE INDEX communities_area_city_7ccf2688 ON public.communities_area USING btree (city);


--
-- Name: communities_area_city_7ccf2688_like; Type: INDEX; Schema: public; Owner: -
--

CREATE INDEX communities_area_city_7ccf2688_like ON public.communities_area USING btree (city varchar_pattern_ops);


--
-- Name: communities_area_slug_fdd066ae_like; Type: INDEX; Schema: public; Owner: -
--

CREATE INDEX communities_area_slug_fdd066ae_like ON public.communities_area USING btree (slug varchar_pattern_ops);


--
-- Name: communities_cohort_052979_idx; Type: INDEX; Schema: public; Owner: -
--

CREATE INDEX communities_cohort_052979_idx ON public.communities_community USING btree (cohort, is_published, category_id);


--
-- Name: communities_cohort_d23bed_idx; Type: INDEX; Schema: public; Owner: -
--

CREATE INDEX communities_cohort_d23bed_idx ON public.communities_community USING btree (cohort, is_published, area_id);


--
-- Name: communities_community_activity_type_id_15824e8f; Type: INDEX; Schema: public; Owner: -
--

CREATE INDEX communities_community_activity_type_id_15824e8f ON public.communities_community USING btree (activity_type_id);


--
-- Name: communities_community_area_id_90e14017; Type: INDEX; Schema: public; Owner: -
--

CREATE INDEX communities_community_area_id_90e14017 ON public.communities_community USING btree (area_id);


--
-- Name: communities_community_category_id_ebbff9a0; Type: INDEX; Schema: public; Owner: -
--

CREATE INDEX communities_community_category_id_ebbff9a0 ON public.communities_community USING btree (category_id);


--
-- Name: communities_community_slug_121bd9e8_like; Type: INDEX; Schema: public; Owner: -
--

CREATE INDEX communities_community_slug_121bd9e8_like ON public.communities_community USING btree (slug varchar_pattern_ops);


--
-- Name: connections_address_ec0c4b_idx; Type: INDEX; Schema: public; Owner: -
--

CREATE INDEX connections_address_ec0c4b_idx ON public.connections_connection USING btree (addressee_id, status);


--
-- Name: connections_connection_addressee_id_e0c45e94; Type: INDEX; Schema: public; Owner: -
--

CREATE INDEX connections_connection_addressee_id_e0c45e94 ON public.connections_connection USING btree (addressee_id);


--
-- Name: connections_connection_requester_id_437bab48; Type: INDEX; Schema: public; Owner: -
--

CREATE INDEX connections_connection_requester_id_437bab48 ON public.connections_connection USING btree (requester_id);


--
-- Name: connections_request_adb486_idx; Type: INDEX; Schema: public; Owner: -
--

CREATE INDEX connections_request_adb486_idx ON public.connections_connection USING btree (requester_id, status);


--
-- Name: django_admin_log_content_type_id_c4bce8eb; Type: INDEX; Schema: public; Owner: -
--

CREATE INDEX django_admin_log_content_type_id_c4bce8eb ON public.django_admin_log USING btree (content_type_id);


--
-- Name: django_admin_log_user_id_c564eba6; Type: INDEX; Schema: public; Owner: -
--

CREATE INDEX django_admin_log_user_id_c564eba6 ON public.django_admin_log USING btree (user_id);


--
-- Name: django_session_expire_date_a5c62663; Type: INDEX; Schema: public; Owner: -
--

CREATE INDEX django_session_expire_date_a5c62663 ON public.django_session USING btree (expire_date);


--
-- Name: django_session_session_key_c0390e0f_like; Type: INDEX; Schema: public; Owner: -
--

CREATE INDEX django_session_session_key_c0390e0f_like ON public.django_session USING btree (session_key varchar_pattern_ops);


--
-- Name: donations_c_is_acti_631402_idx; Type: INDEX; Schema: public; Owner: -
--

CREATE INDEX donations_c_is_acti_631402_idx ON public.donations_campaign USING btree (is_active);


--
-- Name: donations_campaign_partner_id_a6ddb452; Type: INDEX; Schema: public; Owner: -
--

CREATE INDEX donations_campaign_partner_id_a6ddb452 ON public.donations_campaign USING btree (partner_id);


--
-- Name: donations_campaign_slug_b96d87e1_like; Type: INDEX; Schema: public; Owner: -
--

CREATE INDEX donations_campaign_slug_b96d87e1_like ON public.donations_campaign USING btree (slug varchar_pattern_ops);


--
-- Name: donations_civicoutcome_partner_id_209791d8; Type: INDEX; Schema: public; Owner: -
--

CREATE INDEX donations_civicoutcome_partner_id_209791d8 ON public.donations_civicoutcome USING btree (partner_id);


--
-- Name: donations_d_campaig_5c4298_idx; Type: INDEX; Schema: public; Owner: -
--

CREATE INDEX donations_d_campaig_5c4298_idx ON public.donations_donation USING btree (campaign_id, status);


--
-- Name: donations_d_externa_255907_idx; Type: INDEX; Schema: public; Owner: -
--

CREATE INDEX donations_d_externa_255907_idx ON public.donations_donation USING btree (external_ref);


--
-- Name: donations_d_status_ad9788_idx; Type: INDEX; Schema: public; Owner: -
--

CREATE INDEX donations_d_status_ad9788_idx ON public.donations_donation USING btree (status, created_at);


--
-- Name: donations_donation_campaign_id_6ee594d5; Type: INDEX; Schema: public; Owner: -
--

CREATE INDEX donations_donation_campaign_id_6ee594d5 ON public.donations_donation USING btree (campaign_id);


--
-- Name: donations_donation_donor_id_25b1f2bc; Type: INDEX; Schema: public; Owner: -
--

CREATE INDEX donations_donation_donor_id_25b1f2bc ON public.donations_donation USING btree (donor_id);


--
-- Name: donations_inkindcontribution_partner_id_14c59a09; Type: INDEX; Schema: public; Owner: -
--

CREATE INDEX donations_inkindcontribution_partner_id_14c59a09 ON public.donations_inkindcontribution USING btree (partner_id);


--
-- Name: donations_spendentry_campaign_id_132798f9; Type: INDEX; Schema: public; Owner: -
--

CREATE INDEX donations_spendentry_campaign_id_132798f9 ON public.donations_spendentry USING btree (campaign_id);


--
-- Name: event_desc_trgm; Type: INDEX; Schema: public; Owner: -
--

CREATE INDEX event_desc_trgm ON public.events_event USING gin (upper(description) public.gin_trgm_ops);


--
-- Name: event_title_trgm; Type: INDEX; Schema: public; Owner: -
--

CREATE INDEX event_title_trgm ON public.events_event USING gin (upper((title)::text) public.gin_trgm_ops);


--
-- Name: events_even_event_i_b49e52_idx; Type: INDEX; Schema: public; Owner: -
--

CREATE INDEX events_even_event_i_b49e52_idx ON public.events_eventreport USING btree (event_id, reporter_id);


--
-- Name: events_even_event_i_d9c109_idx; Type: INDEX; Schema: public; Owner: -
--

CREATE INDEX events_even_event_i_d9c109_idx ON public.events_eventreport USING btree (event_id, created_at);


--
-- Name: events_even_place_i_92c0e1_idx; Type: INDEX; Schema: public; Owner: -
--

CREATE INDEX events_even_place_i_92c0e1_idx ON public.events_event USING btree (place_id, starts_at);


--
-- Name: events_even_starts__b01102_idx; Type: INDEX; Schema: public; Owner: -
--

CREATE INDEX events_even_starts__b01102_idx ON public.events_event USING btree (starts_at);


--
-- Name: events_event_activity_type_id_d2fe0a20; Type: INDEX; Schema: public; Owner: -
--

CREATE INDEX events_event_activity_type_id_d2fe0a20 ON public.events_event USING btree (activity_type_id);


--
-- Name: events_event_place_id_61ecc581; Type: INDEX; Schema: public; Owner: -
--

CREATE INDEX events_event_place_id_61ecc581 ON public.events_event USING btree (place_id);


--
-- Name: events_eventfeed_activity_type_id_b69f0888; Type: INDEX; Schema: public; Owner: -
--

CREATE INDEX events_eventfeed_activity_type_id_b69f0888 ON public.events_eventfeed USING btree (activity_type_id);


--
-- Name: events_eventfeed_place_id_d0154041; Type: INDEX; Schema: public; Owner: -
--

CREATE INDEX events_eventfeed_place_id_d0154041 ON public.events_eventfeed USING btree (place_id);


--
-- Name: events_eventreport_event_id_c5b2bec6; Type: INDEX; Schema: public; Owner: -
--

CREATE INDEX events_eventreport_event_id_c5b2bec6 ON public.events_eventreport USING btree (event_id);


--
-- Name: events_eventreport_reporter_id_5dd0f850; Type: INDEX; Schema: public; Owner: -
--

CREATE INDEX events_eventreport_reporter_id_5dd0f850 ON public.events_eventreport USING btree (reporter_id);


--
-- Name: ix_attachment_pending_purge; Type: INDEX; Schema: public; Owner: -
--

CREATE INDEX ix_attachment_pending_purge ON public.media_attachment USING btree (expires_at) WHERE ((expires_at IS NOT NULL) AND (purged_at IS NULL));


--
-- Name: media_activ_activit_43933a_idx; Type: INDEX; Schema: public; Owner: -
--

CREATE INDEX media_activ_activit_43933a_idx ON public.media_activitycover USING btree (activity_id, created_at);


--
-- Name: media_activitycover_uploader_id_779886f5; Type: INDEX; Schema: public; Owner: -
--

CREATE INDEX media_activitycover_uploader_id_779886f5 ON public.media_activitycover USING btree (uploader_id);


--
-- Name: media_attac_post_id_064f4d_idx; Type: INDEX; Schema: public; Owner: -
--

CREATE INDEX media_attac_post_id_064f4d_idx ON public.media_attachment USING btree (post_id, created_at);


--
-- Name: media_attachment_post_id_c4c0483f; Type: INDEX; Schema: public; Owner: -
--

CREATE INDEX media_attachment_post_id_c4c0483f ON public.media_attachment USING btree (post_id);


--
-- Name: media_attachment_uploader_id_f131d3ba; Type: INDEX; Schema: public; Owner: -
--

CREATE INDEX media_attachment_uploader_id_f131d3ba ON public.media_attachment USING btree (uploader_id);


--
-- Name: media_photo_thread__7416ce_idx; Type: INDEX; Schema: public; Owner: -
--

CREATE INDEX media_photo_thread__7416ce_idx ON public.media_photo USING btree (thread_id, scan_status);


--
-- Name: media_photo_thread_id_09096d9d; Type: INDEX; Schema: public; Owner: -
--

CREATE INDEX media_photo_thread_id_09096d9d ON public.media_photo USING btree (thread_id);


--
-- Name: media_photo_uploader_id_19d8e53a; Type: INDEX; Schema: public; Owner: -
--

CREATE INDEX media_photo_uploader_id_19d8e53a ON public.media_photo USING btree (uploader_id);


--
-- Name: messaging_c_cohort_a37570_idx; Type: INDEX; Schema: public; Owner: -
--

CREATE INDEX messaging_c_cohort_a37570_idx ON public.messaging_conversation USING btree (cohort, kind);


--
-- Name: messaging_conversation_creator_id_52c44ce7; Type: INDEX; Schema: public; Owner: -
--

CREATE INDEX messaging_conversation_creator_id_52c44ce7 ON public.messaging_conversation USING btree (creator_id);


--
-- Name: messaging_k_verifie_8bae27_idx; Type: INDEX; Schema: public; Owner: -
--

CREATE INDEX messaging_k_verifie_8bae27_idx ON public.messaging_keyverification USING btree (verifier_id, subject_id);


--
-- Name: messaging_keyverification_subject_id_56bddf04; Type: INDEX; Schema: public; Owner: -
--

CREATE INDEX messaging_keyverification_subject_id_56bddf04 ON public.messaging_keyverification USING btree (subject_id);


--
-- Name: messaging_keyverification_verifier_id_ca8c6272; Type: INDEX; Schema: public; Owner: -
--

CREATE INDEX messaging_keyverification_verifier_id_ca8c6272 ON public.messaging_keyverification USING btree (verifier_id);


--
-- Name: messaging_m_convers_7bc91b_idx; Type: INDEX; Schema: public; Owner: -
--

CREATE INDEX messaging_m_convers_7bc91b_idx ON public.messaging_message USING btree (conversation_id, created_at);


--
-- Name: messaging_m_recipie_dfa4e0_idx; Type: INDEX; Schema: public; Owner: -
--

CREATE INDEX messaging_m_recipie_dfa4e0_idx ON public.messaging_messagekey USING btree (recipient_id, message_id);


--
-- Name: messaging_message_conversation_id_3db4d3d1; Type: INDEX; Schema: public; Owner: -
--

CREATE INDEX messaging_message_conversation_id_3db4d3d1 ON public.messaging_message USING btree (conversation_id);


--
-- Name: messaging_message_sender_id_7a7088e6; Type: INDEX; Schema: public; Owner: -
--

CREATE INDEX messaging_message_sender_id_7a7088e6 ON public.messaging_message USING btree (sender_id);


--
-- Name: messaging_messagekey_message_id_da5e0f72; Type: INDEX; Schema: public; Owner: -
--

CREATE INDEX messaging_messagekey_message_id_da5e0f72 ON public.messaging_messagekey USING btree (message_id);


--
-- Name: messaging_messagekey_recipient_id_d2ca905a; Type: INDEX; Schema: public; Owner: -
--

CREATE INDEX messaging_messagekey_recipient_id_d2ca905a ON public.messaging_messagekey USING btree (recipient_id);


--
-- Name: messaging_p_user_id_3b6c1e_idx; Type: INDEX; Schema: public; Owner: -
--

CREATE INDEX messaging_p_user_id_3b6c1e_idx ON public.messaging_publickey USING btree (user_id, active);


--
-- Name: messaging_p_user_id_a5f195_idx; Type: INDEX; Schema: public; Owner: -
--

CREATE INDEX messaging_p_user_id_a5f195_idx ON public.messaging_participant USING btree (user_id, state);


--
-- Name: messaging_participant_conversation_id_07f75de9; Type: INDEX; Schema: public; Owner: -
--

CREATE INDEX messaging_participant_conversation_id_07f75de9 ON public.messaging_participant USING btree (conversation_id);


--
-- Name: messaging_participant_invited_by_id_7fc7da9a; Type: INDEX; Schema: public; Owner: -
--

CREATE INDEX messaging_participant_invited_by_id_7fc7da9a ON public.messaging_participant USING btree (invited_by_id);


--
-- Name: messaging_participant_user_id_ac5ef41d; Type: INDEX; Schema: public; Owner: -
--

CREATE INDEX messaging_participant_user_id_ac5ef41d ON public.messaging_participant USING btree (user_id);


--
-- Name: messaging_publickey_user_id_da83be80; Type: INDEX; Schema: public; Owner: -
--

CREATE INDEX messaging_publickey_user_id_da83be80 ON public.messaging_publickey USING btree (user_id);


--
-- Name: notif_recipient_created_idx; Type: INDEX; Schema: public; Owner: -
--

CREATE INDEX notif_recipient_created_idx ON public.notifications_notification USING btree (recipient_id, created_at DESC);


--
-- Name: notificatio_recipie_564b1f_idx; Type: INDEX; Schema: public; Owner: -
--

CREATE INDEX notificatio_recipie_564b1f_idx ON public.notifications_notification USING btree (recipient_id, read_at);


--
-- Name: notifications_notification_recipient_id_d055f3f0; Type: INDEX; Schema: public; Owner: -
--

CREATE INDEX notifications_notification_recipient_id_d055f3f0 ON public.notifications_notification USING btree (recipient_id);


--
-- Name: ops_deferredtask_kind_29b7ddc9; Type: INDEX; Schema: public; Owner: -
--

CREATE INDEX ops_deferredtask_kind_29b7ddc9 ON public.ops_deferredtask USING btree (kind);


--
-- Name: ops_deferredtask_kind_29b7ddc9_like; Type: INDEX; Schema: public; Owner: -
--

CREATE INDEX ops_deferredtask_kind_29b7ddc9_like ON public.ops_deferredtask USING btree (kind varchar_pattern_ops);


--
-- Name: ops_deferredtask_status_20d09a8c; Type: INDEX; Schema: public; Owner: -
--

CREATE INDEX ops_deferredtask_status_20d09a8c ON public.ops_deferredtask USING btree (status);


--
-- Name: ops_deferredtask_status_20d09a8c_like; Type: INDEX; Schema: public; Owner: -
--

CREATE INDEX ops_deferredtask_status_20d09a8c_like ON public.ops_deferredtask USING btree (status varchar_pattern_ops);


--
-- Name: ops_task_claim_idx; Type: INDEX; Schema: public; Owner: -
--

CREATE INDEX ops_task_claim_idx ON public.ops_deferredtask USING btree (status, available_at);


--
-- Name: ops_task_unique_pending_dedup; Type: INDEX; Schema: public; Owner: -
--

CREATE UNIQUE INDEX ops_task_unique_pending_dedup ON public.ops_deferredtask USING btree (kind, dedup_key) WHERE (((status)::text = 'PENDING'::text) AND (NOT ((dedup_key)::text = ''::text)));


--
-- Name: places_acti_edge_id_75645d_idx; Type: INDEX; Schema: public; Owner: -
--

CREATE INDEX places_acti_edge_id_75645d_idx ON public.places_activityedgevote USING btree (edge_id, vote);


--
-- Name: places_activityedgevote_edge_id_1f9590f9; Type: INDEX; Schema: public; Owner: -
--

CREATE INDEX places_activityedgevote_edge_id_1f9590f9 ON public.places_activityedgevote USING btree (edge_id);


--
-- Name: places_activityedgevote_user_id_fcee5f42; Type: INDEX; Schema: public; Owner: -
--

CREATE INDEX places_activityedgevote_user_id_fcee5f42 ON public.places_activityedgevote USING btree (user_id);


--
-- Name: places_approvedchildvenue_approved_by_id_8ee6db24; Type: INDEX; Schema: public; Owner: -
--

CREATE INDEX places_approvedchildvenue_approved_by_id_8ee6db24 ON public.places_approvedchildvenue USING btree (approved_by_id);


--
-- Name: places_childvenueclass_key_06da0b6b_like; Type: INDEX; Schema: public; Owner: -
--

CREATE INDEX places_childvenueclass_key_06da0b6b_like ON public.places_childvenueclass USING btree (key varchar_pattern_ops);


--
-- Name: places_open_place_i_08698a_idx; Type: INDEX; Schema: public; Owner: -
--

CREATE INDEX places_open_place_i_08698a_idx ON public.places_opennowreport USING btree (place_id, created_at);


--
-- Name: places_open_place_i_9102d1_idx; Type: INDEX; Schema: public; Owner: -
--

CREATE INDEX places_open_place_i_9102d1_idx ON public.places_opennowreport USING btree (place_id, reporter_id);


--
-- Name: places_opennowreport_place_id_7ca6c2d2; Type: INDEX; Schema: public; Owner: -
--

CREATE INDEX places_opennowreport_place_id_7ca6c2d2 ON public.places_opennowreport USING btree (place_id);


--
-- Name: places_opennowreport_reporter_id_d4f4b244; Type: INDEX; Schema: public; Owner: -
--

CREATE INDEX places_opennowreport_reporter_id_d4f4b244 ON public.places_opennowreport USING btree (reporter_id);


--
-- Name: places_part_is_veri_ddff5e_idx; Type: INDEX; Schema: public; Owner: -
--

CREATE INDEX places_part_is_veri_ddff5e_idx ON public.places_partner USING btree (is_verified, is_active);


--
-- Name: places_partner_place_id_c90072a9; Type: INDEX; Schema: public; Owner: -
--

CREATE INDEX places_partner_place_id_c90072a9 ON public.places_partner USING btree (place_id);


--
-- Name: places_plac_activit_2aa231_idx; Type: INDEX; Schema: public; Owner: -
--

CREATE INDEX places_plac_activit_2aa231_idx ON public.places_placeactivity USING btree (activity_id);


--
-- Name: places_plac_address_d00f12_idx; Type: INDEX; Schema: public; Owner: -
--

CREATE INDEX places_plac_address_d00f12_idx ON public.places_place USING btree (address_city);


--
-- Name: places_plac_place_i_cbcc88_idx; Type: INDEX; Schema: public; Owner: -
--

CREATE INDEX places_plac_place_i_cbcc88_idx ON public.places_placefactvote USING btree (place_id, fact_key);


--
-- Name: places_plac_place_i_fa4cb7_idx; Type: INDEX; Schema: public; Owner: -
--

CREATE INDEX places_plac_place_i_fa4cb7_idx ON public.places_placecorrection USING btree (place_id, status);


--
-- Name: places_plac_source_9b0f1d_idx; Type: INDEX; Schema: public; Owner: -
--

CREATE INDEX places_plac_source_9b0f1d_idx ON public.places_place USING btree (source);


--
-- Name: places_place_location_379f2e9c_id; Type: INDEX; Schema: public; Owner: -
--

CREATE INDEX places_place_location_379f2e9c_id ON public.places_place USING gist (location);


--
-- Name: places_placeactivity_activity_id_5115c9a7; Type: INDEX; Schema: public; Owner: -
--

CREATE INDEX places_placeactivity_activity_id_5115c9a7 ON public.places_placeactivity USING btree (activity_id);


--
-- Name: places_placeactivity_place_id_eae4033a; Type: INDEX; Schema: public; Owner: -
--

CREATE INDEX places_placeactivity_place_id_eae4033a ON public.places_placeactivity USING btree (place_id);


--
-- Name: places_placeclosurereport_place_id_83d9f5d5; Type: INDEX; Schema: public; Owner: -
--

CREATE INDEX places_placeclosurereport_place_id_83d9f5d5 ON public.places_placeclosurereport USING btree (place_id);


--
-- Name: places_placeclosurereport_reporter_id_9bb82540; Type: INDEX; Schema: public; Owner: -
--

CREATE INDEX places_placeclosurereport_reporter_id_9bb82540 ON public.places_placeclosurereport USING btree (reporter_id);


--
-- Name: places_placecorrection_place_id_3bf9ed37; Type: INDEX; Schema: public; Owner: -
--

CREATE INDEX places_placecorrection_place_id_3bf9ed37 ON public.places_placecorrection USING btree (place_id);


--
-- Name: places_placecorrection_proposer_id_1b6e7cdb; Type: INDEX; Schema: public; Owner: -
--

CREATE INDEX places_placecorrection_proposer_id_1b6e7cdb ON public.places_placecorrection USING btree (proposer_id);


--
-- Name: places_placecorrectionconfirmation_correction_id_7beab020; Type: INDEX; Schema: public; Owner: -
--

CREATE INDEX places_placecorrectionconfirmation_correction_id_7beab020 ON public.places_placecorrectionconfirmation USING btree (correction_id);


--
-- Name: places_placecorrectionconfirmation_user_id_b7d95704; Type: INDEX; Schema: public; Owner: -
--

CREATE INDEX places_placecorrectionconfirmation_user_id_b7d95704 ON public.places_placecorrectionconfirmation USING btree (user_id);


--
-- Name: places_placefactvote_place_id_00e38f8a; Type: INDEX; Schema: public; Owner: -
--

CREATE INDEX places_placefactvote_place_id_00e38f8a ON public.places_placefactvote USING btree (place_id);


--
-- Name: places_placefactvote_user_id_ec519da0; Type: INDEX; Schema: public; Owner: -
--

CREATE INDEX places_placefactvote_user_id_ec519da0 ON public.places_placefactvote USING btree (user_id);


--
-- Name: recommendations_topicpreference_category_id_915289fe; Type: INDEX; Schema: public; Owner: -
--

CREATE INDEX recommendations_topicpreference_category_id_915289fe ON public.recommendations_topicpreference USING btree (category_id);


--
-- Name: recommendations_topicpreference_user_id_16c41f2e; Type: INDEX; Schema: public; Owner: -
--

CREATE INDEX recommendations_topicpreference_user_id_16c41f2e ON public.recommendations_topicpreference USING btree (user_id);


--
-- Name: recommendations_userinterest_activity_type_id_3ecd26b0; Type: INDEX; Schema: public; Owner: -
--

CREATE INDEX recommendations_userinterest_activity_type_id_3ecd26b0 ON public.recommendations_userinterest USING btree (activity_type_id);


--
-- Name: recommendations_userinterest_user_id_fa961bfd; Type: INDEX; Schema: public; Owner: -
--

CREATE INDEX recommendations_userinterest_user_id_fa961bfd ON public.recommendations_userinterest USING btree (user_id);


--
-- Name: safety_appeal_status_idx; Type: INDEX; Schema: public; Owner: -
--

CREATE INDEX safety_appeal_status_idx ON public.safety_moderationappeal USING btree (status, created_at);


--
-- Name: safety_audit_actor_id_idx; Type: INDEX; Schema: public; Owner: -
--

CREATE INDEX safety_audit_actor_id_idx ON public.safety_auditlog USING btree (actor_ref, id DESC);


--
-- Name: safety_auditlog_actor_id_79ba282a; Type: INDEX; Schema: public; Owner: -
--

CREATE INDEX safety_auditlog_actor_id_79ba282a ON public.safety_auditlog USING btree (actor_id);


--
-- Name: safety_auditlog_hash_7e48bc79; Type: INDEX; Schema: public; Owner: -
--

CREATE INDEX safety_auditlog_hash_7e48bc79 ON public.safety_auditlog USING btree (hash);


--
-- Name: safety_auditlog_hash_7e48bc79_like; Type: INDEX; Schema: public; Owner: -
--

CREATE INDEX safety_auditlog_hash_7e48bc79_like ON public.safety_auditlog USING btree (hash varchar_pattern_ops);


--
-- Name: safety_authorityreferral_referred_by_id_be464c0f; Type: INDEX; Schema: public; Owner: -
--

CREATE INDEX safety_authorityreferral_referred_by_id_be464c0f ON public.safety_authorityreferral USING btree (referred_by_id);


--
-- Name: safety_authorityreferral_report_id_b6a7cf6d; Type: INDEX; Schema: public; Owner: -
--

CREATE INDEX safety_authorityreferral_report_id_b6a7cf6d ON public.safety_authorityreferral USING btree (report_id);


--
-- Name: safety_bloc_blocked_26e97c_idx; Type: INDEX; Schema: public; Owner: -
--

CREATE INDEX safety_bloc_blocked_26e97c_idx ON public.safety_block USING btree (blocked_id);


--
-- Name: safety_block_blocked_id_21c62544; Type: INDEX; Schema: public; Owner: -
--

CREATE INDEX safety_block_blocked_id_21c62544 ON public.safety_block USING btree (blocked_id);


--
-- Name: safety_block_blocker_id_8a549a06; Type: INDEX; Schema: public; Owner: -
--

CREATE INDEX safety_block_blocker_id_8a549a06 ON public.safety_block USING btree (blocker_id);


--
-- Name: safety_mode_action_e111c1_idx; Type: INDEX; Schema: public; Owner: -
--

CREATE INDEX safety_mode_action_e111c1_idx ON public.safety_moderationaction USING btree (action, expires_at);


--
-- Name: safety_mode_target__e72dc5_idx; Type: INDEX; Schema: public; Owner: -
--

CREATE INDEX safety_mode_target__e72dc5_idx ON public.safety_moderationaction USING btree (target_type_id, target_id);


--
-- Name: safety_moderationaction_moderator_id_29681809; Type: INDEX; Schema: public; Owner: -
--

CREATE INDEX safety_moderationaction_moderator_id_29681809 ON public.safety_moderationaction USING btree (moderator_id);


--
-- Name: safety_moderationaction_report_id_45a3639a; Type: INDEX; Schema: public; Owner: -
--

CREATE INDEX safety_moderationaction_report_id_45a3639a ON public.safety_moderationaction USING btree (report_id);


--
-- Name: safety_moderationaction_target_type_id_39d562c1; Type: INDEX; Schema: public; Owner: -
--

CREATE INDEX safety_moderationaction_target_type_id_39d562c1 ON public.safety_moderationaction USING btree (target_type_id);


--
-- Name: safety_moderationappeal_appellant_id_c575de4e; Type: INDEX; Schema: public; Owner: -
--

CREATE INDEX safety_moderationappeal_appellant_id_c575de4e ON public.safety_moderationappeal USING btree (appellant_id);


--
-- Name: safety_moderationappeal_decided_by_id_24a3d89e; Type: INDEX; Schema: public; Owner: -
--

CREATE INDEX safety_moderationappeal_decided_by_id_24a3d89e ON public.safety_moderationappeal USING btree (decided_by_id);


--
-- Name: safety_referral_subj_idx; Type: INDEX; Schema: public; Owner: -
--

CREATE INDEX safety_referral_subj_idx ON public.safety_authorityreferral USING btree (subject_ref, id DESC);


--
-- Name: safety_repo_status_36179d_idx; Type: INDEX; Schema: public; Owner: -
--

CREATE INDEX safety_repo_status_36179d_idx ON public.safety_report USING btree (status, reason);


--
-- Name: safety_repo_target__d6ed0e_idx; Type: INDEX; Schema: public; Owner: -
--

CREATE INDEX safety_repo_target__d6ed0e_idx ON public.safety_report USING btree (target_type_id, target_id);


--
-- Name: safety_report_handled_by_id_72e313ba; Type: INDEX; Schema: public; Owner: -
--

CREATE INDEX safety_report_handled_by_id_72e313ba ON public.safety_report USING btree (handled_by_id);


--
-- Name: safety_report_reporter_id_00a3d8e5; Type: INDEX; Schema: public; Owner: -
--

CREATE INDEX safety_report_reporter_id_00a3d8e5 ON public.safety_report USING btree (reporter_id);


--
-- Name: safety_report_target_type_id_c3f87d3b; Type: INDEX; Schema: public; Owner: -
--

CREATE INDEX safety_report_target_type_id_c3f87d3b ON public.safety_report USING btree (target_type_id);


--
-- Name: saved_searc_cohort_6dcef4_idx; Type: INDEX; Schema: public; Owner: -
--

CREATE INDEX saved_searc_cohort_6dcef4_idx ON public.saved_searches_savedsearch USING btree (cohort, category_id);


--
-- Name: saved_searc_cohort_be3642_idx; Type: INDEX; Schema: public; Owner: -
--

CREATE INDEX saved_searc_cohort_be3642_idx ON public.saved_searches_savedsearch USING btree (cohort, activity_type_id);


--
-- Name: saved_searc_user_id_fd92ab_idx; Type: INDEX; Schema: public; Owner: -
--

CREATE INDEX saved_searc_user_id_fd92ab_idx ON public.saved_searches_savedsearch USING btree (user_id);


--
-- Name: saved_searches_savedsearch_activity_type_id_b0533184; Type: INDEX; Schema: public; Owner: -
--

CREATE INDEX saved_searches_savedsearch_activity_type_id_b0533184 ON public.saved_searches_savedsearch USING btree (activity_type_id);


--
-- Name: saved_searches_savedsearch_area_id_e100ce44; Type: INDEX; Schema: public; Owner: -
--

CREATE INDEX saved_searches_savedsearch_area_id_e100ce44 ON public.saved_searches_savedsearch USING btree (area_id);


--
-- Name: saved_searches_savedsearch_category_id_a620adb1; Type: INDEX; Schema: public; Owner: -
--

CREATE INDEX saved_searches_savedsearch_category_id_a620adb1 ON public.saved_searches_savedsearch USING btree (category_id);


--
-- Name: saved_searches_savedsearch_user_id_c6718c33; Type: INDEX; Schema: public; Owner: -
--

CREATE INDEX saved_searches_savedsearch_user_id_c6718c33 ON public.saved_searches_savedsearch USING btree (user_id);


--
-- Name: saved_searches_savedsearchgaugematch_interest_id_9374fa63; Type: INDEX; Schema: public; Owner: -
--

CREATE INDEX saved_searches_savedsearchgaugematch_interest_id_9374fa63 ON public.saved_searches_savedsearchgaugematch USING btree (interest_id);


--
-- Name: saved_searches_savedsearchgaugematch_user_id_5543c11f; Type: INDEX; Schema: public; Owner: -
--

CREATE INDEX saved_searches_savedsearchgaugematch_user_id_5543c11f ON public.saved_searches_savedsearchgaugematch USING btree (user_id);


--
-- Name: saved_searches_savedsearchmatch_activity_id_6013a52a; Type: INDEX; Schema: public; Owner: -
--

CREATE INDEX saved_searches_savedsearchmatch_activity_id_6013a52a ON public.saved_searches_savedsearchmatch USING btree (activity_id);


--
-- Name: saved_searches_savedsearchmatch_user_id_a5884282; Type: INDEX; Schema: public; Owner: -
--

CREATE INDEX saved_searches_savedsearchmatch_user_id_a5884282 ON public.saved_searches_savedsearchmatch USING btree (user_id);


--
-- Name: social_acti_cohort_0585fd_idx; Type: INDEX; Schema: public; Owner: -
--

CREATE INDEX social_acti_cohort_0585fd_idx ON public.social_activityseries USING btree (cohort, status);


--
-- Name: social_acti_cohort_50227f_idx; Type: INDEX; Schema: public; Owner: -
--

CREATE INDEX social_acti_cohort_50227f_idx ON public.social_activityinterest USING btree (cohort, expires_at);


--
-- Name: social_acti_cohort_7d387f_idx; Type: INDEX; Schema: public; Owner: -
--

CREATE INDEX social_acti_cohort_7d387f_idx ON public.social_activity USING btree (cohort, status);


--
-- Name: social_acti_cohort_f1aa64_idx; Type: INDEX; Schema: public; Owner: -
--

CREATE INDEX social_acti_cohort_f1aa64_idx ON public.social_activity USING btree (cohort, place_id);


--
-- Name: social_acti_cohort_f4b41e_idx; Type: INDEX; Schema: public; Owner: -
--

CREATE INDEX social_acti_cohort_f4b41e_idx ON public.social_activity USING btree (cohort, activity_type_id);


--
-- Name: social_acti_owner_i_aa7996_idx; Type: INDEX; Schema: public; Owner: -
--

CREATE INDEX social_acti_owner_i_aa7996_idx ON public.social_activityseries USING btree (owner_id);


--
-- Name: social_acti_starts__eb2299_idx; Type: INDEX; Schema: public; Owner: -
--

CREATE INDEX social_acti_starts__eb2299_idx ON public.social_activity USING btree (starts_at);


--
-- Name: social_acti_status_519f1d_idx; Type: INDEX; Schema: public; Owner: -
--

CREATE INDEX social_acti_status_519f1d_idx ON public.social_activityseries USING btree (status, next_starts_at);


--
-- Name: social_activity_activity_type_id_f9f70304; Type: INDEX; Schema: public; Owner: -
--

CREATE INDEX social_activity_activity_type_id_f9f70304 ON public.social_activity USING btree (activity_type_id);


--
-- Name: social_activity_owner_id_691a9489; Type: INDEX; Schema: public; Owner: -
--

CREATE INDEX social_activity_owner_id_691a9489 ON public.social_activity USING btree (owner_id);


--
-- Name: social_activity_place_id_16938fb7; Type: INDEX; Schema: public; Owner: -
--

CREATE INDEX social_activity_place_id_16938fb7 ON public.social_activity USING btree (place_id);


--
-- Name: social_activity_series_id_ead2a2f0; Type: INDEX; Schema: public; Owner: -
--

CREATE INDEX social_activity_series_id_ead2a2f0 ON public.social_activity USING btree (series_id);


--
-- Name: social_activityinterest_activity_type_id_257de546; Type: INDEX; Schema: public; Owner: -
--

CREATE INDEX social_activityinterest_activity_type_id_257de546 ON public.social_activityinterest USING btree (activity_type_id);


--
-- Name: social_activityinterest_converted_activity_id_07136365; Type: INDEX; Schema: public; Owner: -
--

CREATE INDEX social_activityinterest_converted_activity_id_07136365 ON public.social_activityinterest USING btree (converted_activity_id);


--
-- Name: social_activityinterest_in_activityinterest_id_7ce558b4; Type: INDEX; Schema: public; Owner: -
--

CREATE INDEX social_activityinterest_in_activityinterest_id_7ce558b4 ON public.social_activityinterest_interested_users USING btree (activityinterest_id);


--
-- Name: social_activityinterest_interested_users_user_id_a3d00fbf; Type: INDEX; Schema: public; Owner: -
--

CREATE INDEX social_activityinterest_interested_users_user_id_a3d00fbf ON public.social_activityinterest_interested_users USING btree (user_id);


--
-- Name: social_activityinterest_place_id_e54f35cd; Type: INDEX; Schema: public; Owner: -
--

CREATE INDEX social_activityinterest_place_id_e54f35cd ON public.social_activityinterest USING btree (place_id);


--
-- Name: social_activityinterest_proposer_id_c8d11f48; Type: INDEX; Schema: public; Owner: -
--

CREATE INDEX social_activityinterest_proposer_id_c8d11f48 ON public.social_activityinterest USING btree (proposer_id);


--
-- Name: social_activityseries_activity_type_id_cae5fc68; Type: INDEX; Schema: public; Owner: -
--

CREATE INDEX social_activityseries_activity_type_id_cae5fc68 ON public.social_activityseries USING btree (activity_type_id);


--
-- Name: social_activityseries_owner_id_a69e878f; Type: INDEX; Schema: public; Owner: -
--

CREATE INDEX social_activityseries_owner_id_a69e878f ON public.social_activityseries USING btree (owner_id);


--
-- Name: social_activityseries_place_id_f61bdffd; Type: INDEX; Schema: public; Owner: -
--

CREATE INDEX social_activityseries_place_id_f61bdffd ON public.social_activityseries USING btree (place_id);


--
-- Name: social_grou_cohort_5b00ed_idx; Type: INDEX; Schema: public; Owner: -
--

CREATE INDEX social_grou_cohort_5b00ed_idx ON public.social_group USING btree (cohort, area_id, activity_type_id);


--
-- Name: social_grou_cohort_97a0db_idx; Type: INDEX; Schema: public; Owner: -
--

CREATE INDEX social_grou_cohort_97a0db_idx ON public.social_group USING btree (cohort, category_id);


--
-- Name: social_grou_cohort_e2dbc1_idx; Type: INDEX; Schema: public; Owner: -
--

CREATE INDEX social_grou_cohort_e2dbc1_idx ON public.social_group USING btree (cohort, status);


--
-- Name: social_grou_group_i_2dce7d_idx; Type: INDEX; Schema: public; Owner: -
--

CREATE INDEX social_grou_group_i_2dce7d_idx ON public.social_groupmembership USING btree (group_id, state);


--
-- Name: social_grou_user_id_fef22c_idx; Type: INDEX; Schema: public; Owner: -
--

CREATE INDEX social_grou_user_id_fef22c_idx ON public.social_groupmembership USING btree (user_id, state);


--
-- Name: social_group_activity_type_id_e985fd73; Type: INDEX; Schema: public; Owner: -
--

CREATE INDEX social_group_activity_type_id_e985fd73 ON public.social_group USING btree (activity_type_id);


--
-- Name: social_group_area_id_1d8eb616; Type: INDEX; Schema: public; Owner: -
--

CREATE INDEX social_group_area_id_1d8eb616 ON public.social_group USING btree (area_id);


--
-- Name: social_group_category_id_440eb28e; Type: INDEX; Schema: public; Owner: -
--

CREATE INDEX social_group_category_id_440eb28e ON public.social_group USING btree (category_id);


--
-- Name: social_group_owner_id_640713e7; Type: INDEX; Schema: public; Owner: -
--

CREATE INDEX social_group_owner_id_640713e7 ON public.social_group USING btree (owner_id);


--
-- Name: social_groupmembership_group_id_668cb746; Type: INDEX; Schema: public; Owner: -
--

CREATE INDEX social_groupmembership_group_id_668cb746 ON public.social_groupmembership USING btree (group_id);


--
-- Name: social_groupmembership_user_id_6e6f57df; Type: INDEX; Schema: public; Owner: -
--

CREATE INDEX social_groupmembership_user_id_6e6f57df ON public.social_groupmembership USING btree (user_id);


--
-- Name: social_joinvote_membership_id_db998c08; Type: INDEX; Schema: public; Owner: -
--

CREATE INDEX social_joinvote_membership_id_db998c08 ON public.social_joinvote USING btree (membership_id);


--
-- Name: social_joinvote_voter_id_3e44054c; Type: INDEX; Schema: public; Owner: -
--

CREATE INDEX social_joinvote_voter_id_3e44054c ON public.social_joinvote USING btree (voter_id);


--
-- Name: social_memb_activit_c34c62_idx; Type: INDEX; Schema: public; Owner: -
--

CREATE INDEX social_memb_activit_c34c62_idx ON public.social_membership USING btree (activity_id, state);


--
-- Name: social_membership_activity_id_91033169; Type: INDEX; Schema: public; Owner: -
--

CREATE INDEX social_membership_activity_id_91033169 ON public.social_membership USING btree (activity_id);


--
-- Name: social_membership_user_id_bfcb7c6a; Type: INDEX; Schema: public; Owner: -
--

CREATE INDEX social_membership_user_id_bfcb7c6a ON public.social_membership USING btree (user_id);


--
-- Name: social_placeconfirmation_proposal_id_e281aea2; Type: INDEX; Schema: public; Owner: -
--

CREATE INDEX social_placeconfirmation_proposal_id_e281aea2 ON public.social_placeconfirmation USING btree (proposal_id);


--
-- Name: social_placeconfirmation_user_id_a662cc23; Type: INDEX; Schema: public; Owner: -
--

CREATE INDEX social_placeconfirmation_user_id_a662cc23 ON public.social_placeconfirmation USING btree (user_id);


--
-- Name: social_post_author_id_db6459ee; Type: INDEX; Schema: public; Owner: -
--

CREATE INDEX social_post_author_id_db6459ee ON public.social_post USING btree (author_id);


--
-- Name: social_post_post_id_e852a4_idx; Type: INDEX; Schema: public; Owner: -
--

CREATE INDEX social_post_post_id_e852a4_idx ON public.social_postreaction USING btree (post_id);


--
-- Name: social_post_reply_to_id_450e9a95; Type: INDEX; Schema: public; Owner: -
--

CREATE INDEX social_post_reply_to_id_450e9a95 ON public.social_post USING btree (reply_to_id);


--
-- Name: social_post_shared_activity_id_5c3fdd18; Type: INDEX; Schema: public; Owner: -
--

CREATE INDEX social_post_shared_activity_id_5c3fdd18 ON public.social_post USING btree (shared_activity_id);


--
-- Name: social_post_shared_event_id_a2bb4090; Type: INDEX; Schema: public; Owner: -
--

CREATE INDEX social_post_shared_event_id_a2bb4090 ON public.social_post USING btree (shared_event_id);


--
-- Name: social_post_shared_place_id_f4ae2912; Type: INDEX; Schema: public; Owner: -
--

CREATE INDEX social_post_shared_place_id_f4ae2912 ON public.social_post USING btree (shared_place_id);


--
-- Name: social_post_thread__6db79a_idx; Type: INDEX; Schema: public; Owner: -
--

CREATE INDEX social_post_thread__6db79a_idx ON public.social_post USING btree (thread_id, reply_to_id, created_at);


--
-- Name: social_post_thread__c7add6_idx; Type: INDEX; Schema: public; Owner: -
--

CREATE INDEX social_post_thread__c7add6_idx ON public.social_post USING btree (thread_id, created_at);


--
-- Name: social_post_thread_id_7bb98e42; Type: INDEX; Schema: public; Owner: -
--

CREATE INDEX social_post_thread_id_7bb98e42 ON public.social_post USING btree (thread_id);


--
-- Name: social_postreaction_post_id_8e751dd6; Type: INDEX; Schema: public; Owner: -
--

CREATE INDEX social_postreaction_post_id_8e751dd6 ON public.social_postreaction USING btree (post_id);


--
-- Name: social_postreaction_user_id_c7b74dd6; Type: INDEX; Schema: public; Owner: -
--

CREATE INDEX social_postreaction_user_id_c7b74dd6 ON public.social_postreaction USING btree (user_id);


--
-- Name: social_userplaceproposal_proposer_id_4244354f; Type: INDEX; Schema: public; Owner: -
--

CREATE INDEX social_userplaceproposal_proposer_id_4244354f ON public.social_userplaceproposal USING btree (proposer_id);


--
-- Name: taxonomy_ac_categor_907ff1_idx; Type: INDEX; Schema: public; Owner: -
--

CREATE INDEX taxonomy_ac_categor_907ff1_idx ON public.taxonomy_activitytype USING btree (category_id);


--
-- Name: taxonomy_activitycategory_parent_id_e7469a16; Type: INDEX; Schema: public; Owner: -
--

CREATE INDEX taxonomy_activitycategory_parent_id_e7469a16 ON public.taxonomy_activitycategory USING btree (parent_id);


--
-- Name: taxonomy_activitycategory_slug_c0c99f7b_like; Type: INDEX; Schema: public; Owner: -
--

CREATE INDEX taxonomy_activitycategory_slug_c0c99f7b_like ON public.taxonomy_activitycategory USING btree (slug varchar_pattern_ops);


--
-- Name: taxonomy_activityrelation_source_id_4af6f541; Type: INDEX; Schema: public; Owner: -
--

CREATE INDEX taxonomy_activityrelation_source_id_4af6f541 ON public.taxonomy_activityrelation USING btree (source_id);


--
-- Name: taxonomy_activityrelation_target_id_286cf9ab; Type: INDEX; Schema: public; Owner: -
--

CREATE INDEX taxonomy_activityrelation_target_id_286cf9ab ON public.taxonomy_activityrelation USING btree (target_id);


--
-- Name: taxonomy_activitytype_category_id_62883d22; Type: INDEX; Schema: public; Owner: -
--

CREATE INDEX taxonomy_activitytype_category_id_62883d22 ON public.taxonomy_activitytype USING btree (category_id);


--
-- Name: taxonomy_activitytype_parent_id_97c1e627; Type: INDEX; Schema: public; Owner: -
--

CREATE INDEX taxonomy_activitytype_parent_id_97c1e627 ON public.taxonomy_activitytype USING btree (parent_id);


--
-- Name: taxonomy_activitytype_slug_f1368ee8_like; Type: INDEX; Schema: public; Owner: -
--

CREATE INDEX taxonomy_activitytype_slug_f1368ee8_like ON public.taxonomy_activitytype USING btree (slug varchar_pattern_ops);


--
-- Name: uq_active_key_per_user; Type: INDEX; Schema: public; Owner: -
--

CREATE UNIQUE INDEX uq_active_key_per_user ON public.messaging_publickey USING btree (user_id) WHERE active;


--
-- Name: uq_community_category; Type: INDEX; Schema: public; Owner: -
--

CREATE UNIQUE INDEX uq_community_category ON public.communities_community USING btree (cohort, area_id, category_id) WHERE (activity_type_id IS NULL);


--
-- Name: uq_community_type; Type: INDEX; Schema: public; Owner: -
--

CREATE UNIQUE INDEX uq_community_type ON public.communities_community USING btree (cohort, area_id, activity_type_id) WHERE (activity_type_id IS NOT NULL);


--
-- Name: uq_event_source_external; Type: INDEX; Schema: public; Owner: -
--

CREATE UNIQUE INDEX uq_event_source_external ON public.events_event USING btree (source, external_id) WHERE (NOT ((external_id)::text = ''::text));


--
-- Name: uq_group_category; Type: INDEX; Schema: public; Owner: -
--

CREATE UNIQUE INDEX uq_group_category ON public.social_group USING btree (cohort, area_id, category_id) WHERE ((activity_type_id IS NULL) AND ((status)::text = 'active'::text));


--
-- Name: uq_group_type; Type: INDEX; Schema: public; Owner: -
--

CREATE UNIQUE INDEX uq_group_type ON public.social_group USING btree (cohort, area_id, activity_type_id) WHERE ((activity_type_id IS NOT NULL) AND ((status)::text = 'active'::text));


--
-- Name: uq_one_pending_correction_per_field; Type: INDEX; Schema: public; Owner: -
--

CREATE UNIQUE INDEX uq_one_pending_correction_per_field ON public.places_placecorrection USING btree (place_id, field) WHERE ((status)::text = 'pending'::text);


--
-- Name: uq_pending_guardian_invite; Type: INDEX; Schema: public; Owner: -
--

CREATE UNIQUE INDEX uq_pending_guardian_invite ON public.accounts_guardianlinkinvite USING btree (guardian_id, ward_id) WHERE ((status)::text = 'pending'::text);


--
-- Name: uq_place_external; Type: INDEX; Schema: public; Owner: -
--

CREATE UNIQUE INDEX uq_place_external ON public.places_place USING btree (source, external_id) WHERE (NOT ((external_id)::text = ''::text));


--
-- Name: uq_place_osm; Type: INDEX; Schema: public; Owner: -
--

CREATE UNIQUE INDEX uq_place_osm ON public.places_place USING btree (osm_type, osm_id) WHERE ((source)::text = 'osm'::text);


--
-- Name: uq_profile_photo_per_user; Type: INDEX; Schema: public; Owner: -
--

CREATE UNIQUE INDEX uq_profile_photo_per_user ON public.media_photo USING btree (uploader_id) WHERE ((kind)::text = 'profile'::text);


--
-- Name: accounts_ageassurance accounts_ageassurance_user_id_72ab3aa3_fk_accounts_user_id; Type: FK CONSTRAINT; Schema: public; Owner: -
--

ALTER TABLE ONLY public.accounts_ageassurance
    ADD CONSTRAINT accounts_ageassurance_user_id_72ab3aa3_fk_accounts_user_id FOREIGN KEY (user_id) REFERENCES public.accounts_user(id) DEFERRABLE INITIALLY DEFERRED;


--
-- Name: accounts_guardianguardrail accounts_guardiangua_relationship_id_8a16deee_fk_accounts_; Type: FK CONSTRAINT; Schema: public; Owner: -
--

ALTER TABLE ONLY public.accounts_guardianguardrail
    ADD CONSTRAINT accounts_guardiangua_relationship_id_8a16deee_fk_accounts_ FOREIGN KEY (relationship_id) REFERENCES public.accounts_guardianrelationship(id) DEFERRABLE INITIALLY DEFERRED;


--
-- Name: accounts_guardianlinkinvite accounts_guardianlin_guardian_id_c18531d4_fk_accounts_; Type: FK CONSTRAINT; Schema: public; Owner: -
--

ALTER TABLE ONLY public.accounts_guardianlinkinvite
    ADD CONSTRAINT accounts_guardianlin_guardian_id_c18531d4_fk_accounts_ FOREIGN KEY (guardian_id) REFERENCES public.accounts_user(id) DEFERRABLE INITIALLY DEFERRED;


--
-- Name: accounts_guardianlinkinvite accounts_guardianlin_ward_id_3e81f38f_fk_accounts_; Type: FK CONSTRAINT; Schema: public; Owner: -
--

ALTER TABLE ONLY public.accounts_guardianlinkinvite
    ADD CONSTRAINT accounts_guardianlin_ward_id_3e81f38f_fk_accounts_ FOREIGN KEY (ward_id) REFERENCES public.accounts_user(id) DEFERRABLE INITIALLY DEFERRED;


--
-- Name: accounts_guardianrelationship accounts_guardianrel_consent_id_c083ab2a_fk_accounts_; Type: FK CONSTRAINT; Schema: public; Owner: -
--

ALTER TABLE ONLY public.accounts_guardianrelationship
    ADD CONSTRAINT accounts_guardianrel_consent_id_c083ab2a_fk_accounts_ FOREIGN KEY (consent_id) REFERENCES public.accounts_parentalconsent(id) DEFERRABLE INITIALLY DEFERRED;


--
-- Name: accounts_guardianrelationship accounts_guardianrel_guardian_id_0ea24cb6_fk_accounts_; Type: FK CONSTRAINT; Schema: public; Owner: -
--

ALTER TABLE ONLY public.accounts_guardianrelationship
    ADD CONSTRAINT accounts_guardianrel_guardian_id_0ea24cb6_fk_accounts_ FOREIGN KEY (guardian_id) REFERENCES public.accounts_user(id) DEFERRABLE INITIALLY DEFERRED;


--
-- Name: accounts_guardianrelationship accounts_guardianrel_ward_id_07357b73_fk_accounts_; Type: FK CONSTRAINT; Schema: public; Owner: -
--

ALTER TABLE ONLY public.accounts_guardianrelationship
    ADD CONSTRAINT accounts_guardianrel_ward_id_07357b73_fk_accounts_ FOREIGN KEY (ward_id) REFERENCES public.accounts_user(id) DEFERRABLE INITIALLY DEFERRED;


--
-- Name: accounts_identitybinding accounts_identitybinding_user_id_f758d09b_fk_accounts_user_id; Type: FK CONSTRAINT; Schema: public; Owner: -
--

ALTER TABLE ONLY public.accounts_identitybinding
    ADD CONSTRAINT accounts_identitybinding_user_id_f758d09b_fk_accounts_user_id FOREIGN KEY (user_id) REFERENCES public.accounts_user(id) DEFERRABLE INITIALLY DEFERRED;


--
-- Name: accounts_parentalconsent accounts_parentalconsent_minor_id_29830617_fk_accounts_user_id; Type: FK CONSTRAINT; Schema: public; Owner: -
--

ALTER TABLE ONLY public.accounts_parentalconsent
    ADD CONSTRAINT accounts_parentalconsent_minor_id_29830617_fk_accounts_user_id FOREIGN KEY (minor_id) REFERENCES public.accounts_user(id) DEFERRABLE INITIALLY DEFERRED;


--
-- Name: accounts_user_groups accounts_user_groups_group_id_bd11a704_fk_auth_group_id; Type: FK CONSTRAINT; Schema: public; Owner: -
--

ALTER TABLE ONLY public.accounts_user_groups
    ADD CONSTRAINT accounts_user_groups_group_id_bd11a704_fk_auth_group_id FOREIGN KEY (group_id) REFERENCES public.auth_group(id) DEFERRABLE INITIALLY DEFERRED;


--
-- Name: accounts_user_groups accounts_user_groups_user_id_52b62117_fk_accounts_user_id; Type: FK CONSTRAINT; Schema: public; Owner: -
--

ALTER TABLE ONLY public.accounts_user_groups
    ADD CONSTRAINT accounts_user_groups_user_id_52b62117_fk_accounts_user_id FOREIGN KEY (user_id) REFERENCES public.accounts_user(id) DEFERRABLE INITIALLY DEFERRED;


--
-- Name: accounts_user_user_permissions accounts_user_user_p_permission_id_113bb443_fk_auth_perm; Type: FK CONSTRAINT; Schema: public; Owner: -
--

ALTER TABLE ONLY public.accounts_user_user_permissions
    ADD CONSTRAINT accounts_user_user_p_permission_id_113bb443_fk_auth_perm FOREIGN KEY (permission_id) REFERENCES public.auth_permission(id) DEFERRABLE INITIALLY DEFERRED;


--
-- Name: accounts_user_user_permissions accounts_user_user_p_user_id_e4f0a161_fk_accounts_; Type: FK CONSTRAINT; Schema: public; Owner: -
--

ALTER TABLE ONLY public.accounts_user_user_permissions
    ADD CONSTRAINT accounts_user_user_p_user_id_e4f0a161_fk_accounts_ FOREIGN KEY (user_id) REFERENCES public.accounts_user(id) DEFERRABLE INITIALLY DEFERRED;


--
-- Name: auth_group_permissions auth_group_permissio_permission_id_84c5c92e_fk_auth_perm; Type: FK CONSTRAINT; Schema: public; Owner: -
--

ALTER TABLE ONLY public.auth_group_permissions
    ADD CONSTRAINT auth_group_permissio_permission_id_84c5c92e_fk_auth_perm FOREIGN KEY (permission_id) REFERENCES public.auth_permission(id) DEFERRABLE INITIALLY DEFERRED;


--
-- Name: auth_group_permissions auth_group_permissions_group_id_b120cbf9_fk_auth_group_id; Type: FK CONSTRAINT; Schema: public; Owner: -
--

ALTER TABLE ONLY public.auth_group_permissions
    ADD CONSTRAINT auth_group_permissions_group_id_b120cbf9_fk_auth_group_id FOREIGN KEY (group_id) REFERENCES public.auth_group(id) DEFERRABLE INITIALLY DEFERRED;


--
-- Name: auth_permission auth_permission_content_type_id_2f476e4b_fk_django_co; Type: FK CONSTRAINT; Schema: public; Owner: -
--

ALTER TABLE ONLY public.auth_permission
    ADD CONSTRAINT auth_permission_content_type_id_2f476e4b_fk_django_co FOREIGN KEY (content_type_id) REFERENCES public.django_content_type(id) DEFERRABLE INITIALLY DEFERRED;


--
-- Name: authtoken_token authtoken_token_user_id_35299eff_fk_accounts_user_id; Type: FK CONSTRAINT; Schema: public; Owner: -
--

ALTER TABLE ONLY public.authtoken_token
    ADD CONSTRAINT authtoken_token_user_id_35299eff_fk_accounts_user_id FOREIGN KEY (user_id) REFERENCES public.accounts_user(id) DEFERRABLE INITIALLY DEFERRED;


--
-- Name: booking_booking booking_booking_activity_id_3c18a753_fk_social_activity_id; Type: FK CONSTRAINT; Schema: public; Owner: -
--

ALTER TABLE ONLY public.booking_booking
    ADD CONSTRAINT booking_booking_activity_id_3c18a753_fk_social_activity_id FOREIGN KEY (activity_id) REFERENCES public.social_activity(id) DEFERRABLE INITIALLY DEFERRED;


--
-- Name: booking_booking booking_booking_place_id_e99def4e_fk_places_place_id; Type: FK CONSTRAINT; Schema: public; Owner: -
--

ALTER TABLE ONLY public.booking_booking
    ADD CONSTRAINT booking_booking_place_id_e99def4e_fk_places_place_id FOREIGN KEY (place_id) REFERENCES public.places_place(id) DEFERRABLE INITIALLY DEFERRED;


--
-- Name: booking_booking booking_booking_user_id_e1eb6912_fk_accounts_user_id; Type: FK CONSTRAINT; Schema: public; Owner: -
--

ALTER TABLE ONLY public.booking_booking
    ADD CONSTRAINT booking_booking_user_id_e1eb6912_fk_accounts_user_id FOREIGN KEY (user_id) REFERENCES public.accounts_user(id) DEFERRABLE INITIALLY DEFERRED;


--
-- Name: booking_placebookinginfo booking_placebookinginfo_place_id_8f0c6760_fk_places_place_id; Type: FK CONSTRAINT; Schema: public; Owner: -
--

ALTER TABLE ONLY public.booking_placebookinginfo
    ADD CONSTRAINT booking_placebookinginfo_place_id_8f0c6760_fk_places_place_id FOREIGN KEY (place_id) REFERENCES public.places_place(id) DEFERRABLE INITIALLY DEFERRED;


--
-- Name: communities_community communities_communit_activity_type_id_15824e8f_fk_taxonomy_; Type: FK CONSTRAINT; Schema: public; Owner: -
--

ALTER TABLE ONLY public.communities_community
    ADD CONSTRAINT communities_communit_activity_type_id_15824e8f_fk_taxonomy_ FOREIGN KEY (activity_type_id) REFERENCES public.taxonomy_activitytype(id) DEFERRABLE INITIALLY DEFERRED;


--
-- Name: communities_community communities_communit_category_id_ebbff9a0_fk_taxonomy_; Type: FK CONSTRAINT; Schema: public; Owner: -
--

ALTER TABLE ONLY public.communities_community
    ADD CONSTRAINT communities_communit_category_id_ebbff9a0_fk_taxonomy_ FOREIGN KEY (category_id) REFERENCES public.taxonomy_activitycategory(id) DEFERRABLE INITIALLY DEFERRED;


--
-- Name: communities_community communities_community_area_id_90e14017_fk_communities_area_id; Type: FK CONSTRAINT; Schema: public; Owner: -
--

ALTER TABLE ONLY public.communities_community
    ADD CONSTRAINT communities_community_area_id_90e14017_fk_communities_area_id FOREIGN KEY (area_id) REFERENCES public.communities_area(id) DEFERRABLE INITIALLY DEFERRED;


--
-- Name: connections_connection connections_connecti_addressee_id_e0c45e94_fk_accounts_; Type: FK CONSTRAINT; Schema: public; Owner: -
--

ALTER TABLE ONLY public.connections_connection
    ADD CONSTRAINT connections_connecti_addressee_id_e0c45e94_fk_accounts_ FOREIGN KEY (addressee_id) REFERENCES public.accounts_user(id) DEFERRABLE INITIALLY DEFERRED;


--
-- Name: connections_connection connections_connecti_requester_id_437bab48_fk_accounts_; Type: FK CONSTRAINT; Schema: public; Owner: -
--

ALTER TABLE ONLY public.connections_connection
    ADD CONSTRAINT connections_connecti_requester_id_437bab48_fk_accounts_ FOREIGN KEY (requester_id) REFERENCES public.accounts_user(id) DEFERRABLE INITIALLY DEFERRED;


--
-- Name: django_admin_log django_admin_log_content_type_id_c4bce8eb_fk_django_co; Type: FK CONSTRAINT; Schema: public; Owner: -
--

ALTER TABLE ONLY public.django_admin_log
    ADD CONSTRAINT django_admin_log_content_type_id_c4bce8eb_fk_django_co FOREIGN KEY (content_type_id) REFERENCES public.django_content_type(id) DEFERRABLE INITIALLY DEFERRED;


--
-- Name: django_admin_log django_admin_log_user_id_c564eba6_fk_accounts_user_id; Type: FK CONSTRAINT; Schema: public; Owner: -
--

ALTER TABLE ONLY public.django_admin_log
    ADD CONSTRAINT django_admin_log_user_id_c564eba6_fk_accounts_user_id FOREIGN KEY (user_id) REFERENCES public.accounts_user(id) DEFERRABLE INITIALLY DEFERRED;


--
-- Name: donations_campaign donations_campaign_partner_id_a6ddb452_fk_places_partner_id; Type: FK CONSTRAINT; Schema: public; Owner: -
--

ALTER TABLE ONLY public.donations_campaign
    ADD CONSTRAINT donations_campaign_partner_id_a6ddb452_fk_places_partner_id FOREIGN KEY (partner_id) REFERENCES public.places_partner(id) DEFERRABLE INITIALLY DEFERRED;


--
-- Name: donations_civicoutcome donations_civicoutcome_partner_id_209791d8_fk_places_partner_id; Type: FK CONSTRAINT; Schema: public; Owner: -
--

ALTER TABLE ONLY public.donations_civicoutcome
    ADD CONSTRAINT donations_civicoutcome_partner_id_209791d8_fk_places_partner_id FOREIGN KEY (partner_id) REFERENCES public.places_partner(id) DEFERRABLE INITIALLY DEFERRED;


--
-- Name: donations_donation donations_donation_campaign_id_6ee594d5_fk_donations; Type: FK CONSTRAINT; Schema: public; Owner: -
--

ALTER TABLE ONLY public.donations_donation
    ADD CONSTRAINT donations_donation_campaign_id_6ee594d5_fk_donations FOREIGN KEY (campaign_id) REFERENCES public.donations_campaign(id) DEFERRABLE INITIALLY DEFERRED;


--
-- Name: donations_donation donations_donation_donor_id_25b1f2bc_fk_accounts_user_id; Type: FK CONSTRAINT; Schema: public; Owner: -
--

ALTER TABLE ONLY public.donations_donation
    ADD CONSTRAINT donations_donation_donor_id_25b1f2bc_fk_accounts_user_id FOREIGN KEY (donor_id) REFERENCES public.accounts_user(id) DEFERRABLE INITIALLY DEFERRED;


--
-- Name: donations_inkindcontribution donations_inkindcont_partner_id_14c59a09_fk_places_pa; Type: FK CONSTRAINT; Schema: public; Owner: -
--

ALTER TABLE ONLY public.donations_inkindcontribution
    ADD CONSTRAINT donations_inkindcont_partner_id_14c59a09_fk_places_pa FOREIGN KEY (partner_id) REFERENCES public.places_partner(id) DEFERRABLE INITIALLY DEFERRED;


--
-- Name: donations_spendentry donations_spendentry_campaign_id_132798f9_fk_donations; Type: FK CONSTRAINT; Schema: public; Owner: -
--

ALTER TABLE ONLY public.donations_spendentry
    ADD CONSTRAINT donations_spendentry_campaign_id_132798f9_fk_donations FOREIGN KEY (campaign_id) REFERENCES public.donations_campaign(id) DEFERRABLE INITIALLY DEFERRED;


--
-- Name: events_event events_event_activity_type_id_d2fe0a20_fk_taxonomy_; Type: FK CONSTRAINT; Schema: public; Owner: -
--

ALTER TABLE ONLY public.events_event
    ADD CONSTRAINT events_event_activity_type_id_d2fe0a20_fk_taxonomy_ FOREIGN KEY (activity_type_id) REFERENCES public.taxonomy_activitytype(id) DEFERRABLE INITIALLY DEFERRED;


--
-- Name: events_event events_event_place_id_61ecc581_fk_places_place_id; Type: FK CONSTRAINT; Schema: public; Owner: -
--

ALTER TABLE ONLY public.events_event
    ADD CONSTRAINT events_event_place_id_61ecc581_fk_places_place_id FOREIGN KEY (place_id) REFERENCES public.places_place(id) DEFERRABLE INITIALLY DEFERRED;


--
-- Name: events_eventfeed events_eventfeed_activity_type_id_b69f0888_fk_taxonomy_; Type: FK CONSTRAINT; Schema: public; Owner: -
--

ALTER TABLE ONLY public.events_eventfeed
    ADD CONSTRAINT events_eventfeed_activity_type_id_b69f0888_fk_taxonomy_ FOREIGN KEY (activity_type_id) REFERENCES public.taxonomy_activitytype(id) DEFERRABLE INITIALLY DEFERRED;


--
-- Name: events_eventfeed events_eventfeed_place_id_d0154041_fk_places_place_id; Type: FK CONSTRAINT; Schema: public; Owner: -
--

ALTER TABLE ONLY public.events_eventfeed
    ADD CONSTRAINT events_eventfeed_place_id_d0154041_fk_places_place_id FOREIGN KEY (place_id) REFERENCES public.places_place(id) DEFERRABLE INITIALLY DEFERRED;


--
-- Name: events_eventreport events_eventreport_event_id_c5b2bec6_fk_events_event_id; Type: FK CONSTRAINT; Schema: public; Owner: -
--

ALTER TABLE ONLY public.events_eventreport
    ADD CONSTRAINT events_eventreport_event_id_c5b2bec6_fk_events_event_id FOREIGN KEY (event_id) REFERENCES public.events_event(id) DEFERRABLE INITIALLY DEFERRED;


--
-- Name: events_eventreport events_eventreport_reporter_id_5dd0f850_fk_accounts_user_id; Type: FK CONSTRAINT; Schema: public; Owner: -
--

ALTER TABLE ONLY public.events_eventreport
    ADD CONSTRAINT events_eventreport_reporter_id_5dd0f850_fk_accounts_user_id FOREIGN KEY (reporter_id) REFERENCES public.accounts_user(id) DEFERRABLE INITIALLY DEFERRED;


--
-- Name: media_activitycover media_activitycover_activity_id_91bc3ea4_fk_social_activity_id; Type: FK CONSTRAINT; Schema: public; Owner: -
--

ALTER TABLE ONLY public.media_activitycover
    ADD CONSTRAINT media_activitycover_activity_id_91bc3ea4_fk_social_activity_id FOREIGN KEY (activity_id) REFERENCES public.social_activity(id) DEFERRABLE INITIALLY DEFERRED;


--
-- Name: media_activitycover media_activitycover_uploader_id_779886f5_fk_accounts_user_id; Type: FK CONSTRAINT; Schema: public; Owner: -
--

ALTER TABLE ONLY public.media_activitycover
    ADD CONSTRAINT media_activitycover_uploader_id_779886f5_fk_accounts_user_id FOREIGN KEY (uploader_id) REFERENCES public.accounts_user(id) DEFERRABLE INITIALLY DEFERRED;


--
-- Name: media_attachment media_attachment_post_id_c4c0483f_fk_social_post_id; Type: FK CONSTRAINT; Schema: public; Owner: -
--

ALTER TABLE ONLY public.media_attachment
    ADD CONSTRAINT media_attachment_post_id_c4c0483f_fk_social_post_id FOREIGN KEY (post_id) REFERENCES public.social_post(id) DEFERRABLE INITIALLY DEFERRED;


--
-- Name: media_attachment media_attachment_uploader_id_f131d3ba_fk_accounts_user_id; Type: FK CONSTRAINT; Schema: public; Owner: -
--

ALTER TABLE ONLY public.media_attachment
    ADD CONSTRAINT media_attachment_uploader_id_f131d3ba_fk_accounts_user_id FOREIGN KEY (uploader_id) REFERENCES public.accounts_user(id) DEFERRABLE INITIALLY DEFERRED;


--
-- Name: media_photo media_photo_thread_id_09096d9d_fk_social_thread_id; Type: FK CONSTRAINT; Schema: public; Owner: -
--

ALTER TABLE ONLY public.media_photo
    ADD CONSTRAINT media_photo_thread_id_09096d9d_fk_social_thread_id FOREIGN KEY (thread_id) REFERENCES public.social_thread(id) DEFERRABLE INITIALLY DEFERRED;


--
-- Name: media_photo media_photo_uploader_id_19d8e53a_fk_accounts_user_id; Type: FK CONSTRAINT; Schema: public; Owner: -
--

ALTER TABLE ONLY public.media_photo
    ADD CONSTRAINT media_photo_uploader_id_19d8e53a_fk_accounts_user_id FOREIGN KEY (uploader_id) REFERENCES public.accounts_user(id) DEFERRABLE INITIALLY DEFERRED;


--
-- Name: messaging_conversation messaging_conversation_creator_id_52c44ce7_fk_accounts_user_id; Type: FK CONSTRAINT; Schema: public; Owner: -
--

ALTER TABLE ONLY public.messaging_conversation
    ADD CONSTRAINT messaging_conversation_creator_id_52c44ce7_fk_accounts_user_id FOREIGN KEY (creator_id) REFERENCES public.accounts_user(id) DEFERRABLE INITIALLY DEFERRED;


--
-- Name: messaging_keyverification messaging_keyverific_subject_id_56bddf04_fk_accounts_; Type: FK CONSTRAINT; Schema: public; Owner: -
--

ALTER TABLE ONLY public.messaging_keyverification
    ADD CONSTRAINT messaging_keyverific_subject_id_56bddf04_fk_accounts_ FOREIGN KEY (subject_id) REFERENCES public.accounts_user(id) DEFERRABLE INITIALLY DEFERRED;


--
-- Name: messaging_keyverification messaging_keyverific_verifier_id_ca8c6272_fk_accounts_; Type: FK CONSTRAINT; Schema: public; Owner: -
--

ALTER TABLE ONLY public.messaging_keyverification
    ADD CONSTRAINT messaging_keyverific_verifier_id_ca8c6272_fk_accounts_ FOREIGN KEY (verifier_id) REFERENCES public.accounts_user(id) DEFERRABLE INITIALLY DEFERRED;


--
-- Name: messaging_message messaging_message_conversation_id_3db4d3d1_fk_messaging; Type: FK CONSTRAINT; Schema: public; Owner: -
--

ALTER TABLE ONLY public.messaging_message
    ADD CONSTRAINT messaging_message_conversation_id_3db4d3d1_fk_messaging FOREIGN KEY (conversation_id) REFERENCES public.messaging_conversation(id) DEFERRABLE INITIALLY DEFERRED;


--
-- Name: messaging_message messaging_message_sender_id_7a7088e6_fk_accounts_user_id; Type: FK CONSTRAINT; Schema: public; Owner: -
--

ALTER TABLE ONLY public.messaging_message
    ADD CONSTRAINT messaging_message_sender_id_7a7088e6_fk_accounts_user_id FOREIGN KEY (sender_id) REFERENCES public.accounts_user(id) DEFERRABLE INITIALLY DEFERRED;


--
-- Name: messaging_messagekey messaging_messagekey_message_id_da5e0f72_fk_messaging; Type: FK CONSTRAINT; Schema: public; Owner: -
--

ALTER TABLE ONLY public.messaging_messagekey
    ADD CONSTRAINT messaging_messagekey_message_id_da5e0f72_fk_messaging FOREIGN KEY (message_id) REFERENCES public.messaging_message(id) DEFERRABLE INITIALLY DEFERRED;


--
-- Name: messaging_messagekey messaging_messagekey_recipient_id_d2ca905a_fk_accounts_user_id; Type: FK CONSTRAINT; Schema: public; Owner: -
--

ALTER TABLE ONLY public.messaging_messagekey
    ADD CONSTRAINT messaging_messagekey_recipient_id_d2ca905a_fk_accounts_user_id FOREIGN KEY (recipient_id) REFERENCES public.accounts_user(id) DEFERRABLE INITIALLY DEFERRED;


--
-- Name: messaging_participant messaging_participan_conversation_id_07f75de9_fk_messaging; Type: FK CONSTRAINT; Schema: public; Owner: -
--

ALTER TABLE ONLY public.messaging_participant
    ADD CONSTRAINT messaging_participan_conversation_id_07f75de9_fk_messaging FOREIGN KEY (conversation_id) REFERENCES public.messaging_conversation(id) DEFERRABLE INITIALLY DEFERRED;


--
-- Name: messaging_participant messaging_participan_invited_by_id_7fc7da9a_fk_accounts_; Type: FK CONSTRAINT; Schema: public; Owner: -
--

ALTER TABLE ONLY public.messaging_participant
    ADD CONSTRAINT messaging_participan_invited_by_id_7fc7da9a_fk_accounts_ FOREIGN KEY (invited_by_id) REFERENCES public.accounts_user(id) DEFERRABLE INITIALLY DEFERRED;


--
-- Name: messaging_participant messaging_participant_user_id_ac5ef41d_fk_accounts_user_id; Type: FK CONSTRAINT; Schema: public; Owner: -
--

ALTER TABLE ONLY public.messaging_participant
    ADD CONSTRAINT messaging_participant_user_id_ac5ef41d_fk_accounts_user_id FOREIGN KEY (user_id) REFERENCES public.accounts_user(id) DEFERRABLE INITIALLY DEFERRED;


--
-- Name: messaging_publickey messaging_publickey_user_id_da83be80_fk_accounts_user_id; Type: FK CONSTRAINT; Schema: public; Owner: -
--

ALTER TABLE ONLY public.messaging_publickey
    ADD CONSTRAINT messaging_publickey_user_id_da83be80_fk_accounts_user_id FOREIGN KEY (user_id) REFERENCES public.accounts_user(id) DEFERRABLE INITIALLY DEFERRED;


--
-- Name: notifications_notification notifications_notifi_recipient_id_d055f3f0_fk_accounts_; Type: FK CONSTRAINT; Schema: public; Owner: -
--

ALTER TABLE ONLY public.notifications_notification
    ADD CONSTRAINT notifications_notifi_recipient_id_d055f3f0_fk_accounts_ FOREIGN KEY (recipient_id) REFERENCES public.accounts_user(id) DEFERRABLE INITIALLY DEFERRED;


--
-- Name: notifications_notificationpreference notifications_notifi_user_id_7cfb3d3a_fk_accounts_; Type: FK CONSTRAINT; Schema: public; Owner: -
--

ALTER TABLE ONLY public.notifications_notificationpreference
    ADD CONSTRAINT notifications_notifi_user_id_7cfb3d3a_fk_accounts_ FOREIGN KEY (user_id) REFERENCES public.accounts_user(id) DEFERRABLE INITIALLY DEFERRED;


--
-- Name: places_accesspreference places_accesspreference_user_id_a9a20146_fk_accounts_user_id; Type: FK CONSTRAINT; Schema: public; Owner: -
--

ALTER TABLE ONLY public.places_accesspreference
    ADD CONSTRAINT places_accesspreference_user_id_a9a20146_fk_accounts_user_id FOREIGN KEY (user_id) REFERENCES public.accounts_user(id) DEFERRABLE INITIALLY DEFERRED;


--
-- Name: places_activityedgevote places_activityedgev_edge_id_1f9590f9_fk_places_pl; Type: FK CONSTRAINT; Schema: public; Owner: -
--

ALTER TABLE ONLY public.places_activityedgevote
    ADD CONSTRAINT places_activityedgev_edge_id_1f9590f9_fk_places_pl FOREIGN KEY (edge_id) REFERENCES public.places_placeactivity(id) DEFERRABLE INITIALLY DEFERRED;


--
-- Name: places_activityedgevote places_activityedgevote_user_id_fcee5f42_fk_accounts_user_id; Type: FK CONSTRAINT; Schema: public; Owner: -
--

ALTER TABLE ONLY public.places_activityedgevote
    ADD CONSTRAINT places_activityedgevote_user_id_fcee5f42_fk_accounts_user_id FOREIGN KEY (user_id) REFERENCES public.accounts_user(id) DEFERRABLE INITIALLY DEFERRED;


--
-- Name: places_approvedchildvenue places_approvedchild_approved_by_id_8ee6db24_fk_accounts_; Type: FK CONSTRAINT; Schema: public; Owner: -
--

ALTER TABLE ONLY public.places_approvedchildvenue
    ADD CONSTRAINT places_approvedchild_approved_by_id_8ee6db24_fk_accounts_ FOREIGN KEY (approved_by_id) REFERENCES public.accounts_user(id) DEFERRABLE INITIALLY DEFERRED;


--
-- Name: places_approvedchildvenue places_approvedchildvenue_place_id_5a1507bc_fk_places_place_id; Type: FK CONSTRAINT; Schema: public; Owner: -
--

ALTER TABLE ONLY public.places_approvedchildvenue
    ADD CONSTRAINT places_approvedchildvenue_place_id_5a1507bc_fk_places_place_id FOREIGN KEY (place_id) REFERENCES public.places_place(id) DEFERRABLE INITIALLY DEFERRED;


--
-- Name: places_opennowreport places_opennowreport_place_id_7ca6c2d2_fk_places_place_id; Type: FK CONSTRAINT; Schema: public; Owner: -
--

ALTER TABLE ONLY public.places_opennowreport
    ADD CONSTRAINT places_opennowreport_place_id_7ca6c2d2_fk_places_place_id FOREIGN KEY (place_id) REFERENCES public.places_place(id) DEFERRABLE INITIALLY DEFERRED;


--
-- Name: places_opennowreport places_opennowreport_reporter_id_d4f4b244_fk_accounts_user_id; Type: FK CONSTRAINT; Schema: public; Owner: -
--

ALTER TABLE ONLY public.places_opennowreport
    ADD CONSTRAINT places_opennowreport_reporter_id_d4f4b244_fk_accounts_user_id FOREIGN KEY (reporter_id) REFERENCES public.accounts_user(id) DEFERRABLE INITIALLY DEFERRED;


--
-- Name: places_partner places_partner_place_id_c90072a9_fk_places_place_id; Type: FK CONSTRAINT; Schema: public; Owner: -
--

ALTER TABLE ONLY public.places_partner
    ADD CONSTRAINT places_partner_place_id_c90072a9_fk_places_place_id FOREIGN KEY (place_id) REFERENCES public.places_place(id) DEFERRABLE INITIALLY DEFERRED;


--
-- Name: places_placeactivity places_placeactivity_activity_id_5115c9a7_fk_taxonomy_; Type: FK CONSTRAINT; Schema: public; Owner: -
--

ALTER TABLE ONLY public.places_placeactivity
    ADD CONSTRAINT places_placeactivity_activity_id_5115c9a7_fk_taxonomy_ FOREIGN KEY (activity_id) REFERENCES public.taxonomy_activitytype(id) DEFERRABLE INITIALLY DEFERRED;


--
-- Name: places_placeactivity places_placeactivity_place_id_eae4033a_fk_places_place_id; Type: FK CONSTRAINT; Schema: public; Owner: -
--

ALTER TABLE ONLY public.places_placeactivity
    ADD CONSTRAINT places_placeactivity_place_id_eae4033a_fk_places_place_id FOREIGN KEY (place_id) REFERENCES public.places_place(id) DEFERRABLE INITIALLY DEFERRED;


--
-- Name: places_placeclosurereport places_placeclosurer_reporter_id_9bb82540_fk_accounts_; Type: FK CONSTRAINT; Schema: public; Owner: -
--

ALTER TABLE ONLY public.places_placeclosurereport
    ADD CONSTRAINT places_placeclosurer_reporter_id_9bb82540_fk_accounts_ FOREIGN KEY (reporter_id) REFERENCES public.accounts_user(id) DEFERRABLE INITIALLY DEFERRED;


--
-- Name: places_placeclosurereport places_placeclosurereport_place_id_83d9f5d5_fk_places_place_id; Type: FK CONSTRAINT; Schema: public; Owner: -
--

ALTER TABLE ONLY public.places_placeclosurereport
    ADD CONSTRAINT places_placeclosurereport_place_id_83d9f5d5_fk_places_place_id FOREIGN KEY (place_id) REFERENCES public.places_place(id) DEFERRABLE INITIALLY DEFERRED;


--
-- Name: places_placecorrectionconfirmation places_placecorrecti_correction_id_7beab020_fk_places_pl; Type: FK CONSTRAINT; Schema: public; Owner: -
--

ALTER TABLE ONLY public.places_placecorrectionconfirmation
    ADD CONSTRAINT places_placecorrecti_correction_id_7beab020_fk_places_pl FOREIGN KEY (correction_id) REFERENCES public.places_placecorrection(id) DEFERRABLE INITIALLY DEFERRED;


--
-- Name: places_placecorrectionconfirmation places_placecorrecti_user_id_b7d95704_fk_accounts_; Type: FK CONSTRAINT; Schema: public; Owner: -
--

ALTER TABLE ONLY public.places_placecorrectionconfirmation
    ADD CONSTRAINT places_placecorrecti_user_id_b7d95704_fk_accounts_ FOREIGN KEY (user_id) REFERENCES public.accounts_user(id) DEFERRABLE INITIALLY DEFERRED;


--
-- Name: places_placecorrection places_placecorrection_place_id_3bf9ed37_fk_places_place_id; Type: FK CONSTRAINT; Schema: public; Owner: -
--

ALTER TABLE ONLY public.places_placecorrection
    ADD CONSTRAINT places_placecorrection_place_id_3bf9ed37_fk_places_place_id FOREIGN KEY (place_id) REFERENCES public.places_place(id) DEFERRABLE INITIALLY DEFERRED;


--
-- Name: places_placecorrection places_placecorrection_proposer_id_1b6e7cdb_fk_accounts_user_id; Type: FK CONSTRAINT; Schema: public; Owner: -
--

ALTER TABLE ONLY public.places_placecorrection
    ADD CONSTRAINT places_placecorrection_proposer_id_1b6e7cdb_fk_accounts_user_id FOREIGN KEY (proposer_id) REFERENCES public.accounts_user(id) DEFERRABLE INITIALLY DEFERRED;


--
-- Name: places_placefactvote places_placefactvote_place_id_00e38f8a_fk_places_place_id; Type: FK CONSTRAINT; Schema: public; Owner: -
--

ALTER TABLE ONLY public.places_placefactvote
    ADD CONSTRAINT places_placefactvote_place_id_00e38f8a_fk_places_place_id FOREIGN KEY (place_id) REFERENCES public.places_place(id) DEFERRABLE INITIALLY DEFERRED;


--
-- Name: places_placefactvote places_placefactvote_user_id_ec519da0_fk_accounts_user_id; Type: FK CONSTRAINT; Schema: public; Owner: -
--

ALTER TABLE ONLY public.places_placefactvote
    ADD CONSTRAINT places_placefactvote_user_id_ec519da0_fk_accounts_user_id FOREIGN KEY (user_id) REFERENCES public.accounts_user(id) DEFERRABLE INITIALLY DEFERRED;


--
-- Name: recommendations_activityembedding recommendations_acti_activity_id_74faf92a_fk_social_ac; Type: FK CONSTRAINT; Schema: public; Owner: -
--

ALTER TABLE ONLY public.recommendations_activityembedding
    ADD CONSTRAINT recommendations_acti_activity_id_74faf92a_fk_social_ac FOREIGN KEY (activity_id) REFERENCES public.social_activity(id) DEFERRABLE INITIALLY DEFERRED;


--
-- Name: recommendations_topicpreference recommendations_topi_category_id_915289fe_fk_taxonomy_; Type: FK CONSTRAINT; Schema: public; Owner: -
--

ALTER TABLE ONLY public.recommendations_topicpreference
    ADD CONSTRAINT recommendations_topi_category_id_915289fe_fk_taxonomy_ FOREIGN KEY (category_id) REFERENCES public.taxonomy_activitycategory(id) DEFERRABLE INITIALLY DEFERRED;


--
-- Name: recommendations_topicpreference recommendations_topi_user_id_16c41f2e_fk_accounts_; Type: FK CONSTRAINT; Schema: public; Owner: -
--

ALTER TABLE ONLY public.recommendations_topicpreference
    ADD CONSTRAINT recommendations_topi_user_id_16c41f2e_fk_accounts_ FOREIGN KEY (user_id) REFERENCES public.accounts_user(id) DEFERRABLE INITIALLY DEFERRED;


--
-- Name: recommendations_userinterest recommendations_user_activity_type_id_3ecd26b0_fk_taxonomy_; Type: FK CONSTRAINT; Schema: public; Owner: -
--

ALTER TABLE ONLY public.recommendations_userinterest
    ADD CONSTRAINT recommendations_user_activity_type_id_3ecd26b0_fk_taxonomy_ FOREIGN KEY (activity_type_id) REFERENCES public.taxonomy_activitytype(id) DEFERRABLE INITIALLY DEFERRED;


--
-- Name: recommendations_userinterest recommendations_user_user_id_fa961bfd_fk_accounts_; Type: FK CONSTRAINT; Schema: public; Owner: -
--

ALTER TABLE ONLY public.recommendations_userinterest
    ADD CONSTRAINT recommendations_user_user_id_fa961bfd_fk_accounts_ FOREIGN KEY (user_id) REFERENCES public.accounts_user(id) DEFERRABLE INITIALLY DEFERRED;


--
-- Name: safety_auditlog safety_auditlog_actor_id_79ba282a_fk_accounts_user_id; Type: FK CONSTRAINT; Schema: public; Owner: -
--

ALTER TABLE ONLY public.safety_auditlog
    ADD CONSTRAINT safety_auditlog_actor_id_79ba282a_fk_accounts_user_id FOREIGN KEY (actor_id) REFERENCES public.accounts_user(id) DEFERRABLE INITIALLY DEFERRED;


--
-- Name: safety_authorityreferral safety_authorityrefe_referred_by_id_be464c0f_fk_accounts_; Type: FK CONSTRAINT; Schema: public; Owner: -
--

ALTER TABLE ONLY public.safety_authorityreferral
    ADD CONSTRAINT safety_authorityrefe_referred_by_id_be464c0f_fk_accounts_ FOREIGN KEY (referred_by_id) REFERENCES public.accounts_user(id) DEFERRABLE INITIALLY DEFERRED;


--
-- Name: safety_authorityreferral safety_authorityreferral_report_id_b6a7cf6d_fk_safety_report_id; Type: FK CONSTRAINT; Schema: public; Owner: -
--

ALTER TABLE ONLY public.safety_authorityreferral
    ADD CONSTRAINT safety_authorityreferral_report_id_b6a7cf6d_fk_safety_report_id FOREIGN KEY (report_id) REFERENCES public.safety_report(id) DEFERRABLE INITIALLY DEFERRED;


--
-- Name: safety_block safety_block_blocked_id_21c62544_fk_accounts_user_id; Type: FK CONSTRAINT; Schema: public; Owner: -
--

ALTER TABLE ONLY public.safety_block
    ADD CONSTRAINT safety_block_blocked_id_21c62544_fk_accounts_user_id FOREIGN KEY (blocked_id) REFERENCES public.accounts_user(id) DEFERRABLE INITIALLY DEFERRED;


--
-- Name: safety_block safety_block_blocker_id_8a549a06_fk_accounts_user_id; Type: FK CONSTRAINT; Schema: public; Owner: -
--

ALTER TABLE ONLY public.safety_block
    ADD CONSTRAINT safety_block_blocker_id_8a549a06_fk_accounts_user_id FOREIGN KEY (blocker_id) REFERENCES public.accounts_user(id) DEFERRABLE INITIALLY DEFERRED;


--
-- Name: safety_moderationaction safety_moderationact_moderator_id_29681809_fk_accounts_; Type: FK CONSTRAINT; Schema: public; Owner: -
--

ALTER TABLE ONLY public.safety_moderationaction
    ADD CONSTRAINT safety_moderationact_moderator_id_29681809_fk_accounts_ FOREIGN KEY (moderator_id) REFERENCES public.accounts_user(id) DEFERRABLE INITIALLY DEFERRED;


--
-- Name: safety_moderationaction safety_moderationact_target_type_id_39d562c1_fk_django_co; Type: FK CONSTRAINT; Schema: public; Owner: -
--

ALTER TABLE ONLY public.safety_moderationaction
    ADD CONSTRAINT safety_moderationact_target_type_id_39d562c1_fk_django_co FOREIGN KEY (target_type_id) REFERENCES public.django_content_type(id) DEFERRABLE INITIALLY DEFERRED;


--
-- Name: safety_moderationaction safety_moderationaction_report_id_45a3639a_fk_safety_report_id; Type: FK CONSTRAINT; Schema: public; Owner: -
--

ALTER TABLE ONLY public.safety_moderationaction
    ADD CONSTRAINT safety_moderationaction_report_id_45a3639a_fk_safety_report_id FOREIGN KEY (report_id) REFERENCES public.safety_report(id) DEFERRABLE INITIALLY DEFERRED;


--
-- Name: safety_moderationappeal safety_moderationapp_action_id_d0e427df_fk_safety_mo; Type: FK CONSTRAINT; Schema: public; Owner: -
--

ALTER TABLE ONLY public.safety_moderationappeal
    ADD CONSTRAINT safety_moderationapp_action_id_d0e427df_fk_safety_mo FOREIGN KEY (action_id) REFERENCES public.safety_moderationaction(id) DEFERRABLE INITIALLY DEFERRED;


--
-- Name: safety_moderationappeal safety_moderationapp_appellant_id_c575de4e_fk_accounts_; Type: FK CONSTRAINT; Schema: public; Owner: -
--

ALTER TABLE ONLY public.safety_moderationappeal
    ADD CONSTRAINT safety_moderationapp_appellant_id_c575de4e_fk_accounts_ FOREIGN KEY (appellant_id) REFERENCES public.accounts_user(id) DEFERRABLE INITIALLY DEFERRED;


--
-- Name: safety_moderationappeal safety_moderationapp_decided_by_id_24a3d89e_fk_accounts_; Type: FK CONSTRAINT; Schema: public; Owner: -
--

ALTER TABLE ONLY public.safety_moderationappeal
    ADD CONSTRAINT safety_moderationapp_decided_by_id_24a3d89e_fk_accounts_ FOREIGN KEY (decided_by_id) REFERENCES public.accounts_user(id) DEFERRABLE INITIALLY DEFERRED;


--
-- Name: safety_report safety_report_handled_by_id_72e313ba_fk_accounts_user_id; Type: FK CONSTRAINT; Schema: public; Owner: -
--

ALTER TABLE ONLY public.safety_report
    ADD CONSTRAINT safety_report_handled_by_id_72e313ba_fk_accounts_user_id FOREIGN KEY (handled_by_id) REFERENCES public.accounts_user(id) DEFERRABLE INITIALLY DEFERRED;


--
-- Name: safety_report safety_report_reporter_id_00a3d8e5_fk_accounts_user_id; Type: FK CONSTRAINT; Schema: public; Owner: -
--

ALTER TABLE ONLY public.safety_report
    ADD CONSTRAINT safety_report_reporter_id_00a3d8e5_fk_accounts_user_id FOREIGN KEY (reporter_id) REFERENCES public.accounts_user(id) DEFERRABLE INITIALLY DEFERRED;


--
-- Name: safety_report safety_report_target_type_id_c3f87d3b_fk_django_content_type_id; Type: FK CONSTRAINT; Schema: public; Owner: -
--

ALTER TABLE ONLY public.safety_report
    ADD CONSTRAINT safety_report_target_type_id_c3f87d3b_fk_django_content_type_id FOREIGN KEY (target_type_id) REFERENCES public.django_content_type(id) DEFERRABLE INITIALLY DEFERRED;


--
-- Name: saved_searches_savedsearchmatch saved_searches_saved_activity_id_6013a52a_fk_social_ac; Type: FK CONSTRAINT; Schema: public; Owner: -
--

ALTER TABLE ONLY public.saved_searches_savedsearchmatch
    ADD CONSTRAINT saved_searches_saved_activity_id_6013a52a_fk_social_ac FOREIGN KEY (activity_id) REFERENCES public.social_activity(id) DEFERRABLE INITIALLY DEFERRED;


--
-- Name: saved_searches_savedsearch saved_searches_saved_activity_type_id_b0533184_fk_taxonomy_; Type: FK CONSTRAINT; Schema: public; Owner: -
--

ALTER TABLE ONLY public.saved_searches_savedsearch
    ADD CONSTRAINT saved_searches_saved_activity_type_id_b0533184_fk_taxonomy_ FOREIGN KEY (activity_type_id) REFERENCES public.taxonomy_activitytype(id) DEFERRABLE INITIALLY DEFERRED;


--
-- Name: saved_searches_savedsearch saved_searches_saved_area_id_e100ce44_fk_communiti; Type: FK CONSTRAINT; Schema: public; Owner: -
--

ALTER TABLE ONLY public.saved_searches_savedsearch
    ADD CONSTRAINT saved_searches_saved_area_id_e100ce44_fk_communiti FOREIGN KEY (area_id) REFERENCES public.communities_area(id) DEFERRABLE INITIALLY DEFERRED;


--
-- Name: saved_searches_savedsearch saved_searches_saved_category_id_a620adb1_fk_taxonomy_; Type: FK CONSTRAINT; Schema: public; Owner: -
--

ALTER TABLE ONLY public.saved_searches_savedsearch
    ADD CONSTRAINT saved_searches_saved_category_id_a620adb1_fk_taxonomy_ FOREIGN KEY (category_id) REFERENCES public.taxonomy_activitycategory(id) DEFERRABLE INITIALLY DEFERRED;


--
-- Name: saved_searches_savedsearchgaugematch saved_searches_saved_interest_id_9374fa63_fk_social_ac; Type: FK CONSTRAINT; Schema: public; Owner: -
--

ALTER TABLE ONLY public.saved_searches_savedsearchgaugematch
    ADD CONSTRAINT saved_searches_saved_interest_id_9374fa63_fk_social_ac FOREIGN KEY (interest_id) REFERENCES public.social_activityinterest(id) DEFERRABLE INITIALLY DEFERRED;


--
-- Name: saved_searches_savedsearchgaugematch saved_searches_saved_user_id_5543c11f_fk_accounts_; Type: FK CONSTRAINT; Schema: public; Owner: -
--

ALTER TABLE ONLY public.saved_searches_savedsearchgaugematch
    ADD CONSTRAINT saved_searches_saved_user_id_5543c11f_fk_accounts_ FOREIGN KEY (user_id) REFERENCES public.accounts_user(id) DEFERRABLE INITIALLY DEFERRED;


--
-- Name: saved_searches_savedsearchmatch saved_searches_saved_user_id_a5884282_fk_accounts_; Type: FK CONSTRAINT; Schema: public; Owner: -
--

ALTER TABLE ONLY public.saved_searches_savedsearchmatch
    ADD CONSTRAINT saved_searches_saved_user_id_a5884282_fk_accounts_ FOREIGN KEY (user_id) REFERENCES public.accounts_user(id) DEFERRABLE INITIALLY DEFERRED;


--
-- Name: saved_searches_savedsearch saved_searches_savedsearch_user_id_c6718c33_fk_accounts_user_id; Type: FK CONSTRAINT; Schema: public; Owner: -
--

ALTER TABLE ONLY public.saved_searches_savedsearch
    ADD CONSTRAINT saved_searches_savedsearch_user_id_c6718c33_fk_accounts_user_id FOREIGN KEY (user_id) REFERENCES public.accounts_user(id) DEFERRABLE INITIALLY DEFERRED;


--
-- Name: social_activity social_activity_activity_type_id_f9f70304_fk_taxonomy_; Type: FK CONSTRAINT; Schema: public; Owner: -
--

ALTER TABLE ONLY public.social_activity
    ADD CONSTRAINT social_activity_activity_type_id_f9f70304_fk_taxonomy_ FOREIGN KEY (activity_type_id) REFERENCES public.taxonomy_activitytype(id) DEFERRABLE INITIALLY DEFERRED;


--
-- Name: social_activity social_activity_owner_id_691a9489_fk_accounts_user_id; Type: FK CONSTRAINT; Schema: public; Owner: -
--

ALTER TABLE ONLY public.social_activity
    ADD CONSTRAINT social_activity_owner_id_691a9489_fk_accounts_user_id FOREIGN KEY (owner_id) REFERENCES public.accounts_user(id) DEFERRABLE INITIALLY DEFERRED;


--
-- Name: social_activity social_activity_place_id_16938fb7_fk_places_place_id; Type: FK CONSTRAINT; Schema: public; Owner: -
--

ALTER TABLE ONLY public.social_activity
    ADD CONSTRAINT social_activity_place_id_16938fb7_fk_places_place_id FOREIGN KEY (place_id) REFERENCES public.places_place(id) DEFERRABLE INITIALLY DEFERRED;


--
-- Name: social_activity social_activity_series_id_ead2a2f0_fk_social_activityseries_id; Type: FK CONSTRAINT; Schema: public; Owner: -
--

ALTER TABLE ONLY public.social_activity
    ADD CONSTRAINT social_activity_series_id_ead2a2f0_fk_social_activityseries_id FOREIGN KEY (series_id) REFERENCES public.social_activityseries(id) DEFERRABLE INITIALLY DEFERRED;


--
-- Name: social_activityinterest social_activityinter_activity_type_id_257de546_fk_taxonomy_; Type: FK CONSTRAINT; Schema: public; Owner: -
--

ALTER TABLE ONLY public.social_activityinterest
    ADD CONSTRAINT social_activityinter_activity_type_id_257de546_fk_taxonomy_ FOREIGN KEY (activity_type_id) REFERENCES public.taxonomy_activitytype(id) DEFERRABLE INITIALLY DEFERRED;


--
-- Name: social_activityinterest_interested_users social_activityinter_activityinterest_id_7ce558b4_fk_social_ac; Type: FK CONSTRAINT; Schema: public; Owner: -
--

ALTER TABLE ONLY public.social_activityinterest_interested_users
    ADD CONSTRAINT social_activityinter_activityinterest_id_7ce558b4_fk_social_ac FOREIGN KEY (activityinterest_id) REFERENCES public.social_activityinterest(id) DEFERRABLE INITIALLY DEFERRED;


--
-- Name: social_activityinterest social_activityinter_converted_activity_i_07136365_fk_social_ac; Type: FK CONSTRAINT; Schema: public; Owner: -
--

ALTER TABLE ONLY public.social_activityinterest
    ADD CONSTRAINT social_activityinter_converted_activity_i_07136365_fk_social_ac FOREIGN KEY (converted_activity_id) REFERENCES public.social_activity(id) DEFERRABLE INITIALLY DEFERRED;


--
-- Name: social_activityinterest social_activityinter_proposer_id_c8d11f48_fk_accounts_; Type: FK CONSTRAINT; Schema: public; Owner: -
--

ALTER TABLE ONLY public.social_activityinterest
    ADD CONSTRAINT social_activityinter_proposer_id_c8d11f48_fk_accounts_ FOREIGN KEY (proposer_id) REFERENCES public.accounts_user(id) DEFERRABLE INITIALLY DEFERRED;


--
-- Name: social_activityinterest_interested_users social_activityinter_user_id_a3d00fbf_fk_accounts_; Type: FK CONSTRAINT; Schema: public; Owner: -
--

ALTER TABLE ONLY public.social_activityinterest_interested_users
    ADD CONSTRAINT social_activityinter_user_id_a3d00fbf_fk_accounts_ FOREIGN KEY (user_id) REFERENCES public.accounts_user(id) DEFERRABLE INITIALLY DEFERRED;


--
-- Name: social_activityinterest social_activityinterest_place_id_e54f35cd_fk_places_place_id; Type: FK CONSTRAINT; Schema: public; Owner: -
--

ALTER TABLE ONLY public.social_activityinterest
    ADD CONSTRAINT social_activityinterest_place_id_e54f35cd_fk_places_place_id FOREIGN KEY (place_id) REFERENCES public.places_place(id) DEFERRABLE INITIALLY DEFERRED;


--
-- Name: social_activityseries social_activityserie_activity_type_id_cae5fc68_fk_taxonomy_; Type: FK CONSTRAINT; Schema: public; Owner: -
--

ALTER TABLE ONLY public.social_activityseries
    ADD CONSTRAINT social_activityserie_activity_type_id_cae5fc68_fk_taxonomy_ FOREIGN KEY (activity_type_id) REFERENCES public.taxonomy_activitytype(id) DEFERRABLE INITIALLY DEFERRED;


--
-- Name: social_activityseries social_activityseries_owner_id_a69e878f_fk_accounts_user_id; Type: FK CONSTRAINT; Schema: public; Owner: -
--

ALTER TABLE ONLY public.social_activityseries
    ADD CONSTRAINT social_activityseries_owner_id_a69e878f_fk_accounts_user_id FOREIGN KEY (owner_id) REFERENCES public.accounts_user(id) DEFERRABLE INITIALLY DEFERRED;


--
-- Name: social_activityseries social_activityseries_place_id_f61bdffd_fk_places_place_id; Type: FK CONSTRAINT; Schema: public; Owner: -
--

ALTER TABLE ONLY public.social_activityseries
    ADD CONSTRAINT social_activityseries_place_id_f61bdffd_fk_places_place_id FOREIGN KEY (place_id) REFERENCES public.places_place(id) DEFERRABLE INITIALLY DEFERRED;


--
-- Name: social_group social_group_activity_type_id_e985fd73_fk_taxonomy_; Type: FK CONSTRAINT; Schema: public; Owner: -
--

ALTER TABLE ONLY public.social_group
    ADD CONSTRAINT social_group_activity_type_id_e985fd73_fk_taxonomy_ FOREIGN KEY (activity_type_id) REFERENCES public.taxonomy_activitytype(id) DEFERRABLE INITIALLY DEFERRED;


--
-- Name: social_group social_group_area_id_1d8eb616_fk_communities_area_id; Type: FK CONSTRAINT; Schema: public; Owner: -
--

ALTER TABLE ONLY public.social_group
    ADD CONSTRAINT social_group_area_id_1d8eb616_fk_communities_area_id FOREIGN KEY (area_id) REFERENCES public.communities_area(id) DEFERRABLE INITIALLY DEFERRED;


--
-- Name: social_group social_group_category_id_440eb28e_fk_taxonomy_; Type: FK CONSTRAINT; Schema: public; Owner: -
--

ALTER TABLE ONLY public.social_group
    ADD CONSTRAINT social_group_category_id_440eb28e_fk_taxonomy_ FOREIGN KEY (category_id) REFERENCES public.taxonomy_activitycategory(id) DEFERRABLE INITIALLY DEFERRED;


--
-- Name: social_group social_group_owner_id_640713e7_fk_accounts_user_id; Type: FK CONSTRAINT; Schema: public; Owner: -
--

ALTER TABLE ONLY public.social_group
    ADD CONSTRAINT social_group_owner_id_640713e7_fk_accounts_user_id FOREIGN KEY (owner_id) REFERENCES public.accounts_user(id) DEFERRABLE INITIALLY DEFERRED;


--
-- Name: social_groupmembership social_groupmembership_group_id_668cb746_fk_social_group_id; Type: FK CONSTRAINT; Schema: public; Owner: -
--

ALTER TABLE ONLY public.social_groupmembership
    ADD CONSTRAINT social_groupmembership_group_id_668cb746_fk_social_group_id FOREIGN KEY (group_id) REFERENCES public.social_group(id) DEFERRABLE INITIALLY DEFERRED;


--
-- Name: social_groupmembership social_groupmembership_user_id_6e6f57df_fk_accounts_user_id; Type: FK CONSTRAINT; Schema: public; Owner: -
--

ALTER TABLE ONLY public.social_groupmembership
    ADD CONSTRAINT social_groupmembership_user_id_6e6f57df_fk_accounts_user_id FOREIGN KEY (user_id) REFERENCES public.accounts_user(id) DEFERRABLE INITIALLY DEFERRED;


--
-- Name: social_joinvote social_joinvote_membership_id_db998c08_fk_social_membership_id; Type: FK CONSTRAINT; Schema: public; Owner: -
--

ALTER TABLE ONLY public.social_joinvote
    ADD CONSTRAINT social_joinvote_membership_id_db998c08_fk_social_membership_id FOREIGN KEY (membership_id) REFERENCES public.social_membership(id) DEFERRABLE INITIALLY DEFERRED;


--
-- Name: social_joinvote social_joinvote_voter_id_3e44054c_fk_accounts_user_id; Type: FK CONSTRAINT; Schema: public; Owner: -
--

ALTER TABLE ONLY public.social_joinvote
    ADD CONSTRAINT social_joinvote_voter_id_3e44054c_fk_accounts_user_id FOREIGN KEY (voter_id) REFERENCES public.accounts_user(id) DEFERRABLE INITIALLY DEFERRED;


--
-- Name: social_membership social_membership_activity_id_91033169_fk_social_activity_id; Type: FK CONSTRAINT; Schema: public; Owner: -
--

ALTER TABLE ONLY public.social_membership
    ADD CONSTRAINT social_membership_activity_id_91033169_fk_social_activity_id FOREIGN KEY (activity_id) REFERENCES public.social_activity(id) DEFERRABLE INITIALLY DEFERRED;


--
-- Name: social_membership social_membership_user_id_bfcb7c6a_fk_accounts_user_id; Type: FK CONSTRAINT; Schema: public; Owner: -
--

ALTER TABLE ONLY public.social_membership
    ADD CONSTRAINT social_membership_user_id_bfcb7c6a_fk_accounts_user_id FOREIGN KEY (user_id) REFERENCES public.accounts_user(id) DEFERRABLE INITIALLY DEFERRED;


--
-- Name: social_placeconfirmation social_placeconfirma_proposal_id_e281aea2_fk_social_us; Type: FK CONSTRAINT; Schema: public; Owner: -
--

ALTER TABLE ONLY public.social_placeconfirmation
    ADD CONSTRAINT social_placeconfirma_proposal_id_e281aea2_fk_social_us FOREIGN KEY (proposal_id) REFERENCES public.social_userplaceproposal(id) DEFERRABLE INITIALLY DEFERRED;


--
-- Name: social_placeconfirmation social_placeconfirmation_user_id_a662cc23_fk_accounts_user_id; Type: FK CONSTRAINT; Schema: public; Owner: -
--

ALTER TABLE ONLY public.social_placeconfirmation
    ADD CONSTRAINT social_placeconfirmation_user_id_a662cc23_fk_accounts_user_id FOREIGN KEY (user_id) REFERENCES public.accounts_user(id) DEFERRABLE INITIALLY DEFERRED;


--
-- Name: social_post social_post_author_id_db6459ee_fk_accounts_user_id; Type: FK CONSTRAINT; Schema: public; Owner: -
--

ALTER TABLE ONLY public.social_post
    ADD CONSTRAINT social_post_author_id_db6459ee_fk_accounts_user_id FOREIGN KEY (author_id) REFERENCES public.accounts_user(id) DEFERRABLE INITIALLY DEFERRED;


--
-- Name: social_post social_post_reply_to_id_450e9a95_fk_social_post_id; Type: FK CONSTRAINT; Schema: public; Owner: -
--

ALTER TABLE ONLY public.social_post
    ADD CONSTRAINT social_post_reply_to_id_450e9a95_fk_social_post_id FOREIGN KEY (reply_to_id) REFERENCES public.social_post(id) DEFERRABLE INITIALLY DEFERRED;


--
-- Name: social_post social_post_shared_activity_id_5c3fdd18_fk_social_activity_id; Type: FK CONSTRAINT; Schema: public; Owner: -
--

ALTER TABLE ONLY public.social_post
    ADD CONSTRAINT social_post_shared_activity_id_5c3fdd18_fk_social_activity_id FOREIGN KEY (shared_activity_id) REFERENCES public.social_activity(id) DEFERRABLE INITIALLY DEFERRED;


--
-- Name: social_post social_post_shared_event_id_a2bb4090_fk_events_event_id; Type: FK CONSTRAINT; Schema: public; Owner: -
--

ALTER TABLE ONLY public.social_post
    ADD CONSTRAINT social_post_shared_event_id_a2bb4090_fk_events_event_id FOREIGN KEY (shared_event_id) REFERENCES public.events_event(id) DEFERRABLE INITIALLY DEFERRED;


--
-- Name: social_post social_post_shared_place_id_f4ae2912_fk_places_place_id; Type: FK CONSTRAINT; Schema: public; Owner: -
--

ALTER TABLE ONLY public.social_post
    ADD CONSTRAINT social_post_shared_place_id_f4ae2912_fk_places_place_id FOREIGN KEY (shared_place_id) REFERENCES public.places_place(id) DEFERRABLE INITIALLY DEFERRED;


--
-- Name: social_post social_post_thread_id_7bb98e42_fk_social_thread_id; Type: FK CONSTRAINT; Schema: public; Owner: -
--

ALTER TABLE ONLY public.social_post
    ADD CONSTRAINT social_post_thread_id_7bb98e42_fk_social_thread_id FOREIGN KEY (thread_id) REFERENCES public.social_thread(id) DEFERRABLE INITIALLY DEFERRED;


--
-- Name: social_postreaction social_postreaction_post_id_8e751dd6_fk_social_post_id; Type: FK CONSTRAINT; Schema: public; Owner: -
--

ALTER TABLE ONLY public.social_postreaction
    ADD CONSTRAINT social_postreaction_post_id_8e751dd6_fk_social_post_id FOREIGN KEY (post_id) REFERENCES public.social_post(id) DEFERRABLE INITIALLY DEFERRED;


--
-- Name: social_postreaction social_postreaction_user_id_c7b74dd6_fk_accounts_user_id; Type: FK CONSTRAINT; Schema: public; Owner: -
--

ALTER TABLE ONLY public.social_postreaction
    ADD CONSTRAINT social_postreaction_user_id_c7b74dd6_fk_accounts_user_id FOREIGN KEY (user_id) REFERENCES public.accounts_user(id) DEFERRABLE INITIALLY DEFERRED;


--
-- Name: social_thread social_thread_activity_id_948a041d_fk_social_activity_id; Type: FK CONSTRAINT; Schema: public; Owner: -
--

ALTER TABLE ONLY public.social_thread
    ADD CONSTRAINT social_thread_activity_id_948a041d_fk_social_activity_id FOREIGN KEY (activity_id) REFERENCES public.social_activity(id) DEFERRABLE INITIALLY DEFERRED;


--
-- Name: social_thread social_thread_group_id_d8d2c8a7_fk_social_group_id; Type: FK CONSTRAINT; Schema: public; Owner: -
--

ALTER TABLE ONLY public.social_thread
    ADD CONSTRAINT social_thread_group_id_d8d2c8a7_fk_social_group_id FOREIGN KEY (group_id) REFERENCES public.social_group(id) DEFERRABLE INITIALLY DEFERRED;


--
-- Name: social_userplaceproposal social_userplaceprop_proposer_id_4244354f_fk_accounts_; Type: FK CONSTRAINT; Schema: public; Owner: -
--

ALTER TABLE ONLY public.social_userplaceproposal
    ADD CONSTRAINT social_userplaceprop_proposer_id_4244354f_fk_accounts_ FOREIGN KEY (proposer_id) REFERENCES public.accounts_user(id) DEFERRABLE INITIALLY DEFERRED;


--
-- Name: social_userplaceproposal social_userplaceproposal_place_id_2e7ec395_fk_places_place_id; Type: FK CONSTRAINT; Schema: public; Owner: -
--

ALTER TABLE ONLY public.social_userplaceproposal
    ADD CONSTRAINT social_userplaceproposal_place_id_2e7ec395_fk_places_place_id FOREIGN KEY (place_id) REFERENCES public.places_place(id) DEFERRABLE INITIALLY DEFERRED;


--
-- Name: taxonomy_activitycategory taxonomy_activitycat_parent_id_e7469a16_fk_taxonomy_; Type: FK CONSTRAINT; Schema: public; Owner: -
--

ALTER TABLE ONLY public.taxonomy_activitycategory
    ADD CONSTRAINT taxonomy_activitycat_parent_id_e7469a16_fk_taxonomy_ FOREIGN KEY (parent_id) REFERENCES public.taxonomy_activitycategory(id) DEFERRABLE INITIALLY DEFERRED;


--
-- Name: taxonomy_activityrelation taxonomy_activityrel_source_id_4af6f541_fk_taxonomy_; Type: FK CONSTRAINT; Schema: public; Owner: -
--

ALTER TABLE ONLY public.taxonomy_activityrelation
    ADD CONSTRAINT taxonomy_activityrel_source_id_4af6f541_fk_taxonomy_ FOREIGN KEY (source_id) REFERENCES public.taxonomy_activitytype(id) DEFERRABLE INITIALLY DEFERRED;


--
-- Name: taxonomy_activityrelation taxonomy_activityrel_target_id_286cf9ab_fk_taxonomy_; Type: FK CONSTRAINT; Schema: public; Owner: -
--

ALTER TABLE ONLY public.taxonomy_activityrelation
    ADD CONSTRAINT taxonomy_activityrel_target_id_286cf9ab_fk_taxonomy_ FOREIGN KEY (target_id) REFERENCES public.taxonomy_activitytype(id) DEFERRABLE INITIALLY DEFERRED;


--
-- Name: taxonomy_activitytype taxonomy_activitytyp_category_id_62883d22_fk_taxonomy_; Type: FK CONSTRAINT; Schema: public; Owner: -
--

ALTER TABLE ONLY public.taxonomy_activitytype
    ADD CONSTRAINT taxonomy_activitytyp_category_id_62883d22_fk_taxonomy_ FOREIGN KEY (category_id) REFERENCES public.taxonomy_activitycategory(id) DEFERRABLE INITIALLY DEFERRED;


--
-- Name: taxonomy_activitytype taxonomy_activitytyp_parent_id_97c1e627_fk_taxonomy_; Type: FK CONSTRAINT; Schema: public; Owner: -
--

ALTER TABLE ONLY public.taxonomy_activitytype
    ADD CONSTRAINT taxonomy_activitytyp_parent_id_97c1e627_fk_taxonomy_ FOREIGN KEY (parent_id) REFERENCES public.taxonomy_activitytype(id) DEFERRABLE INITIALLY DEFERRED;


--
-- PostgreSQL database dump complete
--

